{"v":"5.4.3","fr":12,"ip":0,"op":24,"w":360,"h":300,"nm":"4 Los gehts","ddd":0,"assets":[],"layers":[{"ddd":0,"ind":1,"ty":4,"nm":"Zwinkern Outlines","sr":1,"ks":{"o":{"a":0,"k":100,"ix":11},"r":{"a":0,"k":0,"ix":10},"p":{"a":0,"k":[248,83.5,0],"ix":2},"a":{"a":0,"k":[11.5,3,0],"ix":1},"s":{"a":0,"k":[190,190,100],"ix":6}},"ao":0,"shapes":[{"ty":"gr","it":[{"ind":0,"ty":"sh","ix":1,"ks":{"a":0,"k":{"i":[[0,0],[-1.168,0],[0,0]],"o":[[0,0],[1.743,0],[0,0]],"v":[[5.867,-0.13],[7.949,0.37],[10.421,-0.37]],"c":false},"ix":2},"nm":"Path 1","mn":"ADBE Vector Shape - Group","hd":false},{"ind":1,"ty":"sh","ix":2,"ks":{"a":0,"k":{"i":[[0,0],[-1.168,0],[0,0]],"o":[[0,0],[1.743,0],[0,0]],"v":[[-10.421,-0.13],[-8.337,0.37],[-5.867,-0.37]],"c":false},"ix":2},"nm":"Path 2","mn":"ADBE Vector Shape - Group","hd":false},{"ty":"mm","mm":1,"nm":"Merge Paths 1","mn":"ADBE Vector Filter - Merge","hd":false},{"ty":"st","c":{"a":0,"k":[0.256000025132,0.256000025132,0.256000025132,1],"ix":3},"o":{"a":0,"k":100,"ix":4},"w":{"a":0,"k":1,"ix":5},"lc":2,"lj":2,"bm":0,"nm":"Stroke 1","mn":"ADBE Vector Graphic - Stroke","hd":false},{"ty":"tr","p":{"a":0,"k":[11.298,3.335],"ix":2},"a":{"a":0,"k":[0,0],"ix":1},"s":{"a":0,"k":[100,100],"ix":3},"r":{"a":0,"k":0,"ix":6},"o":{"a":0,"k":100,"ix":7},"sk":{"a":0,"k":0,"ix":4},"sa":{"a":0,"k":0,"ix":5},"nm":"Transform"}],"nm":"Group 1","np":4,"cix":2,"bm":0,"ix":1,"mn":"ADBE Vector Group","hd":false},{"ty":"gr","it":[{"ind":0,"ty":"sh","ix":1,"ks":{"a":0,"k":{"i":[[-1.434,0],[0,-1.434],[1.434,0],[0,1.434]],"o":[[1.434,0],[0,1.434],[-1.434,0],[0,-1.434]],"v":[[0,-2.598],[2.598,0],[0,2.598],[-2.598,0]],"c":true},"ix":2},"nm":"Path 1","mn":"ADBE Vector Shape - Group","hd":false},{"ty":"fl","c":{"a":0,"k":[1,0.788999968884,0.681999954523,1],"ix":4},"o":{"a":0,"k":100,"ix":5},"r":1,"bm":0,"nm":"Fill 1","mn":"ADBE Vector Graphic - Fill","hd":false},{"ty":"tr","p":{"a":0,"k":[19.488,3.205],"ix":2},"a":{"a":0,"k":[0,0],"ix":1},"s":{"a":0,"k":[100,100],"ix":3},"r":{"a":0,"k":0,"ix":6},"o":{"a":0,"k":100,"ix":7},"sk":{"a":0,"k":0,"ix":4},"sa":{"a":0,"k":0,"ix":5},"nm":"Transform"}],"nm":"Group 2","np":2,"cix":2,"bm":0,"ix":2,"mn":"ADBE Vector Group","hd":false},{"ty":"gr","it":[{"ind":0,"ty":"sh","ix":1,"ks":{"a":0,"k":{"i":[[-1.434,0],[0,-1.434],[1.434,0],[0,1.434]],"o":[[1.434,0],[0,1.434],[-1.434,0],[0,-1.434]],"v":[[-0.001,-2.598],[2.599,0],[-0.001,2.598],[-2.599,0]],"c":true},"ix":2},"nm":"Path 1","mn":"ADBE Vector Shape - Group","hd":false},{"ty":"fl","c":{"a":0,"k":[1,0.788999968884,0.681999954523,1],"ix":4},"o":{"a":0,"k":100,"ix":5},"r":1,"bm":0,"nm":"Fill 1","mn":"ADBE Vector Graphic - Fill","hd":false},{"ty":"tr","p":{"a":0,"k":[2.656,3.205],"ix":2},"a":{"a":0,"k":[0,0],"ix":1},"s":{"a":0,"k":[100,100],"ix":3},"r":{"a":0,"k":0,"ix":6},"o":{"a":0,"k":100,"ix":7},"sk":{"a":0,"k":0,"ix":4},"sa":{"a":0,"k":0,"ix":5},"nm":"Transform"}],"nm":"Group 3","np":2,"cix":2,"bm":0,"ix":3,"mn":"ADBE Vector Group","hd":false}],"ip":9,"op":11,"st":0,"bm":0},{"ddd":0,"ind":3,"ty":4,"nm":"Arm Sie Outlines","sr":1,"ks":{"o":{"a":0,"k":100,"ix":11},"r":{"a":1,"k":[{"i":{"x":[0.667],"y":[1]},"o":{"x":[0.333],"y":[0]},"n":["0p667_1_0p333_0"],"t":1,"s":[-28],"e":[11]},{"t":7}],"ix":10},"p":{"a":0,"k":[324.5,289,0],"ix":2},"a":{"a":0,"k":[74.5,25,0],"ix":1},"s":{"a":0,"k":[190,190,100],"ix":6}},"ao":0,"shapes":[{"ty":"gr","it":[{"ind":0,"ty":"sh","ix":1,"ks":{"a":0,"k":{"i":[[0,0],[-1.96,-8.401]],"o":[[0,0],[0,0]],"v":[[0.785,-6.789],[0.98,6.789]],"c":false},"ix":2},"nm":"Path 1","mn":"ADBE Vector Shape - Group","hd":false},{"ty":"st","c":{"a":0,"k":[0.256000025132,0.256000025132,0.256000025132,1],"ix":3},"o":{"a":0,"k":100,"ix":4},"w":{"a":0,"k":1,"ix":5},"lc":2,"lj":2,"bm":0,"nm":"Stroke 1","mn":"ADBE Vector Graphic - Stroke","hd":false},{"ty":"tr","p":{"a":0,"k":[65.035,29.946],"ix":2},"a":{"a":0,"k":[0,0],"ix":1},"s":{"a":0,"k":[100,100],"ix":3},"r":{"a":0,"k":0,"ix":6},"o":{"a":0,"k":100,"ix":7},"sk":{"a":0,"k":0,"ix":4},"sa":{"a":0,"k":0,"ix":5},"nm":"Transform"}],"nm":"Group 1","np":2,"cix":2,"bm":0,"ix":1,"mn":"ADBE Vector Group","hd":false},{"ty":"gr","it":[{"ind":0,"ty":"sh","ix":1,"ks":{"a":0,"k":{"i":[[0,0],[0.408,0.601],[0.349,0.031],[0.244,-0.251],[0,0],[0.31,0.385],[0.446,-0.01],[1.756,-0.039],[0.124,-1.463],[0.129,-1.524],[-0.044,-0.784],[-0.133,-2.326],[-2.06,-0.345],[0,0],[0,0],[0,0]],"o":[[0,0],[-0.197,-0.29],[-0.349,-0.03],[-0.631,0.65],[0,0],[-0.279,-0.347],[-1.107,0.025],[-1.468,0.033],[-0.171,2.011],[-0.066,0.783],[0.09,1.585],[0.118,2.085],[2.525,0.423],[0,0],[0,0],[0,0]],"v":[[1.042,-10.053],[0.224,-11.259],[-0.638,-11.766],[-1.576,-11.417],[-2.905,-10.048],[-3.573,-10.878],[-4.724,-11.413],[-9.786,-11.299],[-12.585,-8.668],[-13.115,-2.43],[-13.148,-0.078],[-12.761,6.721],[-9.037,10.877],[-3.554,11.796],[-1.445,10.604],[13.192,10.194]],"c":false},"ix":2},"nm":"Path 1","mn":"ADBE Vector Shape - Group","hd":false},{"ty":"st","c":{"a":0,"k":[0.256000025132,0.256000025132,0.256000025132,1],"ix":3},"o":{"a":0,"k":100,"ix":4},"w":{"a":0,"k":1,"ix":5},"lc":2,"lj":2,"bm":0,"nm":"Stroke 1","mn":"ADBE Vector Graphic - Stroke","hd":false},{"ty":"fl","c":{"a":0,"k":[0.725,0.626999978458,0.795999983245,1],"ix":4},"o":{"a":0,"k":100,"ix":5},"r":1,"bm":0,"nm":"Fill 1","mn":"ADBE Vector Graphic - Fill","hd":false},{"ty":"tr","p":{"a":0,"k":[69.703,31.66],"ix":2},"a":{"a":0,"k":[0,0],"ix":1},"s":{"a":0,"k":[100,100],"ix":3},"r":{"a":0,"k":0,"ix":6},"o":{"a":0,"k":100,"ix":7},"sk":{"a":0,"k":0,"ix":4},"sa":{"a":0,"k":0,"ix":5},"nm":"Transform"}],"nm":"Group 2","np":3,"cix":2,"bm":0,"ix":2,"mn":"ADBE Vector Group","hd":false},{"ty":"gr","it":[{"ind":0,"ty":"sh","ix":1,"ks":{"a":0,"k":{"i":[[0,0],[0,0],[0,0]],"o":[[0,0],[0,0],[0,0]],"v":[[5.622,-7.611],[1.121,-7.037],[-3.437,-7.149]],"c":false},"ix":2},"nm":"Path 1","mn":"ADBE Vector Shape - Group","hd":false},{"ind":1,"ty":"sh","ix":2,"ks":{"a":0,"k":{"i":[[0,0],[0,0]],"o":[[0,0],[0,0]],"v":[[-5.622,-2.856],[-2.733,-2.529]],"c":false},"ix":2},"nm":"Path 2","mn":"ADBE Vector Shape - Group","hd":false},{"ind":2,"ty":"sh","ix":3,"ks":{"a":0,"k":{"i":[[0,0],[0,0]],"o":[[0,0],[0,0]],"v":[[-5.002,2.531],[-2.042,2.761]],"c":false},"ix":2},"nm":"Path 3","mn":"ADBE Vector Shape - Group","hd":false},{"ind":3,"ty":"sh","ix":4,"ks":{"a":0,"k":{"i":[[0,0],[0,0]],"o":[[0,0],[0,0]],"v":[[-3.956,7.347],[-1.206,7.611]],"c":false},"ix":2},"nm":"Path 4","mn":"ADBE Vector Shape - Group","hd":false},{"ty":"mm","mm":1,"nm":"Merge Paths 1","mn":"ADBE Vector Filter - Merge","hd":false},{"ty":"st","c":{"a":0,"k":[0.256000025132,0.256000025132,0.256000025132,1],"ix":3},"o":{"a":0,"k":100,"ix":4},"w":{"a":0,"k":1,"ix":5},"lc":2,"lj":2,"bm":0,"nm":"Stroke 1","mn":"ADBE Vector Graphic - Stroke","hd":false},{"ty":"tr","p":{"a":0,"k":[9.341,24.54],"ix":2},"a":{"a":0,"k":[0,0],"ix":1},"s":{"a":0,"k":[100,100],"ix":3},"r":{"a":0,"k":0,"ix":6},"o":{"a":0,"k":100,"ix":7},"sk":{"a":0,"k":0,"ix":4},"sa":{"a":0,"k":0,"ix":5},"nm":"Transform"}],"nm":"Group 3","np":6,"cix":2,"bm":0,"ix":3,"mn":"ADBE Vector Group","hd":false},{"ty":"gr","it":[{"ind":0,"ty":"sh","ix":1,"ks":{"a":0,"k":{"i":[[0,0],[1.774,-0.304],[5.082,-0.159],[0.772,0.478],[2.455,4.705],[0.235,0.37],[0.235,-3.266],[0,0],[0,0],[-0.023,0.39],[0.511,0.047],[1.09,0.099],[0.934,-0.355],[0.789,-0.3],[0.281,-0.444],[0.106,-0.168],[-0.17,-0.65],[-0.59,-0.32],[0,0],[0.431,-0.559],[-0.99,-0.838],[0,0],[0.285,-0.297],[-0.073,-0.71],[-0.59,-0.402],[0,0],[0.213,-0.509],[-1.199,-0.539],[-0.771,-0.347],[-0.382,0.018],[-1.801,0.088],[-0.653,0.1],[-1.954,0.298],[-0.718,-0.117],[0,0],[0,0]],"o":[[2.569,-0.955],[-3.07,0.526],[-0.908,0.031],[-2.137,-1.343],[-2.5,-4.789],[-0.502,-0.79],[-0.184,2.554],[0,0],[0,0],[0.031,-0.512],[-0.921,-0.084],[-0.995,-0.092],[-0.973,0.37],[-0.491,0.186],[-0.091,0.145],[-0.359,0.567],[0.169,0.649],[0.505,0.274],[0,0],[-0.792,1.026],[0.698,0.591],[0,0],[-0.495,0.515],[0.074,0.71],[0.502,0.342],[0,0],[-0.507,1.213],[1.251,0.562],[0.349,0.156],[1.441,-0.07],[0.66,-0.032],[1.874,-0.286],[0.719,-0.11],[1.13,0.184],[0,0],[0,0]],"v":[[27.683,19.156],[27.092,2.939],[0.854,4.221],[-1.722,3.535],[-10.687,-5.673],[-16.207,-18.366],[-18.944,-15.289],[-15.951,-2.703],[-18.087,-2.43],[-18.042,-3.186],[-18.903,-4.189],[-22.35,-4.504],[-25.282,-4.103],[-28.298,-2.958],[-29.487,-1.986],[-29.786,-1.513],[-30.082,0.396],[-28.891,1.914],[-27.997,2.399],[-28.791,3.428],[-28.438,6.759],[-27.1,7.892],[-27.585,8.396],[-28.249,10.328],[-27.202,12.08],[-26.318,12.684],[-26.697,13.59],[-25.453,16.737],[-21.953,18.31],[-20.841,18.52],[-13.844,18.179],[-11.873,17.98],[-3.967,16.775],[-1.797,16.786],[0.941,17.232],[5.914,17.221]],"c":true},"ix":2},"nm":"Path 1","mn":"ADBE Vector Shape - Group","hd":false},{"ty":"st","c":{"a":0,"k":[0.256000025132,0.256000025132,0.256000025132,1],"ix":3},"o":{"a":0,"k":100,"ix":4},"w":{"a":0,"k":1,"ix":5},"lc":2,"lj":2,"bm":0,"nm":"Stroke 1","mn":"ADBE Vector Graphic - Stroke","hd":false},{"ty":"fl","c":{"a":0,"k":[1,0.788999968884,0.681999954523,1],"ix":4},"o":{"a":0,"k":100,"ix":5},"r":1,"bm":0,"nm":"Fill 1","mn":"ADBE Vector Graphic - Fill","hd":false},{"ty":"tr","p":{"a":0,"k":[31.716,19.525],"ix":2},"a":{"a":0,"k":[0,0],"ix":1},"s":{"a":0,"k":[100,100],"ix":3},"r":{"a":0,"k":0,"ix":6},"o":{"a":0,"k":100,"ix":7},"sk":{"a":0,"k":0,"ix":4},"sa":{"a":0,"k":0,"ix":5},"nm":"Transform"}],"nm":"Group 4","np":3,"cix":2,"bm":0,"ix":4,"mn":"ADBE Vector Group","hd":false}],"ip":1,"op":25,"st":4,"bm":0},{"ddd":0,"ind":5,"ty":4,"nm":"Arm Er Outlines","sr":1,"ks":{"o":{"a":0,"k":100,"ix":11},"r":{"a":1,"k":[{"i":{"x":[0.667],"y":[1]},"o":{"x":[0.333],"y":[0]},"n":["0p667_1_0p333_0"],"t":0,"s":[41],"e":[0]},{"t":6}],"ix":10},"p":{"a":0,"k":[10.363,270.692,0],"ix":2},"a":{"a":0,"k":[0,31.844,0],"ix":1},"s":{"a":0,"k":[190,190,100],"ix":6}},"ao":0,"shapes":[{"ty":"gr","it":[{"ind":0,"ty":"sh","ix":1,"ks":{"a":0,"k":{"i":[[-0.043,1.564],[0.306,0.306],[0.433,-0.012],[0,0],[1.858,0.012],[0.055,-0.832],[0.146,-2.228],[-1.311,-3.974],[0,0],[-0.596,0.068],[-2.11,0.244],[-0.119,0.162],[0.038,0.197],[0,0],[-0.1,3.641]],"o":[[0.012,-0.433],[-0.306,-0.306],[-1.906,0.054],[0,0],[-0.834,-0.005],[-0.095,1.449],[-0.274,4.175],[0,0],[0.188,0.569],[2.379,-0.275],[0.199,-0.023],[0.118,-0.161],[0,0],[-0.7,-3.575],[0.061,-2.242]],"v":[[6.333,-8.788],[5.872,-9.946],[4.714,-10.407],[-0.055,-10.273],[-4.854,-10.304],[-6.436,-8.833],[-6.829,-2.847],[-5.259,9.49],[-5.259,9.49],[-3.913,10.35],[6.442,9.156],[6.94,8.865],[7.065,8.304],[7.065,8.304],[6.162,-2.554]],"c":true},"ix":2},"nm":"Path 1","mn":"ADBE Vector Shape - Group","hd":false},{"ty":"st","c":{"a":0,"k":[0.256000025132,0.256000025132,0.256000025132,1],"ix":3},"o":{"a":0,"k":100,"ix":4},"w":{"a":0,"k":1,"ix":5},"lc":2,"lj":2,"bm":0,"nm":"Stroke 1","mn":"ADBE Vector Graphic - Stroke","hd":false},{"ty":"fl","c":{"a":0,"k":[0.442999985639,0.654999976065,0.736999990426,1],"ix":4},"o":{"a":0,"k":100,"ix":5},"r":1,"bm":0,"nm":"Fill 1","mn":"ADBE Vector Graphic - Fill","hd":false},{"ty":"tr","p":{"a":0,"k":[33.196,36.77],"ix":2},"a":{"a":0,"k":[0,0],"ix":1},"s":{"a":0,"k":[100,100],"ix":3},"r":{"a":0,"k":0,"ix":6},"o":{"a":0,"k":100,"ix":7},"sk":{"a":0,"k":0,"ix":4},"sa":{"a":0,"k":0,"ix":5},"nm":"Transform"}],"nm":"Group 1","np":3,"cix":2,"bm":0,"ix":1,"mn":"ADBE Vector Group","hd":false},{"ty":"gr","it":[{"ind":0,"ty":"sh","ix":1,"ks":{"a":0,"k":{"i":[[0,0],[-8.751,-1.555],[0,0],[0,0],[8.753,2.471]],"o":[[0,0],[8.75,1.554],[0,0],[0,0],[0,0]],"v":[[-12.014,-9.145],[-2.484,-11.463],[14.28,-8.866],[14.515,8.835],[-14.515,10.547]],"c":false},"ix":2},"nm":"Path 1","mn":"ADBE Vector Shape - Group","hd":false},{"ty":"st","c":{"a":0,"k":[0.256000025132,0.256000025132,0.256000025132,1],"ix":3},"o":{"a":0,"k":100,"ix":4},"w":{"a":0,"k":1,"ix":5},"lc":2,"lj":2,"bm":0,"nm":"Stroke 1","mn":"ADBE Vector Graphic - Stroke","hd":false},{"ty":"fl","c":{"a":0,"k":[0.442999985639,0.654999976065,0.736999990426,1],"ix":4},"o":{"a":0,"k":100,"ix":5},"r":1,"bm":0,"nm":"Fill 1","mn":"ADBE Vector Graphic - Fill","hd":false},{"ty":"tr","p":{"a":0,"k":[15.233,37.025],"ix":2},"a":{"a":0,"k":[0,0],"ix":1},"s":{"a":0,"k":[100,100],"ix":3},"r":{"a":0,"k":0,"ix":6},"o":{"a":0,"k":100,"ix":7},"sk":{"a":0,"k":0,"ix":4},"sa":{"a":0,"k":0,"ix":5},"nm":"Transform"}],"nm":"Group 2","np":3,"cix":2,"bm":0,"ix":2,"mn":"ADBE Vector Group","hd":false},{"ty":"gr","it":[{"ind":0,"ty":"sh","ix":1,"ks":{"a":0,"k":{"i":[[0,0],[0,0]],"o":[[0,0],[0,0]],"v":[[-5.527,-8.619],[1.619,-8.719]],"c":false},"ix":2},"nm":"Path 1","mn":"ADBE Vector Shape - Group","hd":false},{"ind":1,"ty":"sh","ix":2,"ks":{"a":0,"k":{"i":[[0,0],[0,0]],"o":[[0,0],[0,0]],"v":[[5.527,-4.092],[3.042,-3.024]],"c":false},"ix":2},"nm":"Path 2","mn":"ADBE Vector Shape - Group","hd":false},{"ind":2,"ty":"sh","ix":3,"ks":{"a":0,"k":{"i":[[0,0],[0,0]],"o":[[0,0],[0,0]],"v":[[5.213,1.566],[2.685,3.083]],"c":false},"ix":2},"nm":"Path 3","mn":"ADBE Vector Shape - Group","hd":false},{"ind":3,"ty":"sh","ix":4,"ks":{"a":0,"k":{"i":[[0,0],[0,0]],"o":[[0,0],[0,0]],"v":[[4.446,7.18],[2.144,8.719]],"c":false},"ix":2},"nm":"Path 4","mn":"ADBE Vector Shape - Group","hd":false},{"ty":"mm","mm":1,"nm":"Merge Paths 1","mn":"ADBE Vector Filter - Merge","hd":false},{"ty":"st","c":{"a":0,"k":[0.256000025132,0.256000025132,0.256000025132,1],"ix":3},"o":{"a":0,"k":100,"ix":4},"w":{"a":0,"k":1,"ix":5},"lc":2,"lj":2,"bm":0,"nm":"Stroke 1","mn":"ADBE Vector Graphic - Stroke","hd":false},{"ty":"tr","p":{"a":0,"k":[67.293,27.246],"ix":2},"a":{"a":0,"k":[0,0],"ix":1},"s":{"a":0,"k":[100,100],"ix":3},"r":{"a":0,"k":0,"ix":6},"o":{"a":0,"k":100,"ix":7},"sk":{"a":0,"k":0,"ix":4},"sa":{"a":0,"k":0,"ix":5},"nm":"Transform"}],"nm":"Group 3","np":6,"cix":2,"bm":0,"ix":3,"mn":"ADBE Vector Group","hd":false},{"ty":"gr","it":[{"ind":0,"ty":"sh","ix":1,"ks":{"a":0,"k":{"i":[[0,0],[-4.541,0.236],[-0.77,1.388],[-0.594,1.07],[-0.072,0.094],[-0.455,1.28],[-0.232,0.44],[-0.481,-3.713],[0,0],[0,0],[0,0],[0.095,0.43],[-0.255,0.362],[-0.439,0.056],[-0.999,0.127],[-0.684,-0.221],[-1.232,-0.398],[-0.297,-0.547],[-0.202,-0.373],[0.914,-0.734],[0,0],[-0.543,-0.663],[0.749,-0.893],[0,0],[-0.439,-0.421],[-0.002,-0.658],[0.472,-0.459],[0,0],[-0.316,-0.375],[0.058,-0.643],[0.497,-0.412],[0.607,-0.502],[0.674,-0.026],[2.112,-0.082],[0.571,0.044],[1.981,0.152],[0.48,-0.063],[0,0]],"o":[[0,0],[1.585,-0.082],[2.488,-4.478],[0.057,-0.104],[0.265,-0.363],[0.742,-2.09],[0.497,-0.94],[0.377,2.904],[0,0],[0,0],[0,0],[-0.094,-0.433],[0.255,-0.362],[1.16,-0.147],[0.713,-0.09],[1.288,0.417],[0.593,0.191],[0.174,0.321],[0.559,1.031],[-0.754,0.605],[0,0],[0.738,0.901],[-0.788,0.94],[0,0],[0.474,0.455],[0.003,0.658],[-0.696,0.677],[0,0],[0.415,0.495],[-0.059,0.643],[-0.776,0.644],[-0.518,0.43],[-2.286,0.089],[-0.572,0.022],[-2.129,-0.164],[-0.483,-0.038],[-3.528,0.466],[0,0]],"v":[[-23.202,6.683],[-9.639,5.978],[-5.853,3.615],[2.646,-11.683],[2.841,-11.98],[4.115,-14.49],[6.363,-20.891],[9.579,-17.58],[7.754,-9.474],[7.216,-3.86],[10.349,-3.86],[10.179,-4.634],[10.431,-5.881],[11.521,-6.537],[15.178,-7.002],[17.3,-6.804],[21.995,-5.287],[23.381,-4.136],[23.961,-3.064],[23.348,-0.017],[21.854,1.182],[22.909,2.469],[22.89,5.563],[21.245,7.525],[22.03,8.278],[22.776,10.019],[22.042,11.766],[20.714,13.058],[21.268,13.715],[21.825,15.493],[20.957,17.141],[18.717,18.998],[16.879,19.701],[7.047,20.083],[5.329,20.05],[-4.276,19.31],[-5.724,19.349],[-24.521,21.831]],"c":false},"ix":2},"nm":"Path 1","mn":"ADBE Vector Shape - Group","hd":false},{"ty":"st","c":{"a":0,"k":[0.256000025132,0.256000025132,0.256000025132,1],"ix":3},"o":{"a":0,"k":100,"ix":4},"w":{"a":0,"k":1,"ix":5},"lc":2,"lj":2,"bm":0,"nm":"Stroke 1","mn":"ADBE Vector Graphic - Stroke","hd":false},{"ty":"fl","c":{"a":0,"k":[1,0.788999968884,0.681999954523,1],"ix":4},"o":{"a":0,"k":100,"ix":5},"r":1,"bm":0,"nm":"Fill 1","mn":"ADBE Vector Graphic - Fill","hd":false},{"ty":"tr","p":{"a":0,"k":[50.935,22.277],"ix":2},"a":{"a":0,"k":[0,0],"ix":1},"s":{"a":0,"k":[100,100],"ix":3},"r":{"a":0,"k":0,"ix":6},"o":{"a":0,"k":100,"ix":7},"sk":{"a":0,"k":0,"ix":4},"sa":{"a":0,"k":0,"ix":5},"nm":"Transform"}],"nm":"Group 4","np":3,"cix":2,"bm":0,"ix":4,"mn":"ADBE Vector Group","hd":false}],"ip":0,"op":24,"st":2,"bm":0},{"ddd":0,"ind":7,"ty":4,"nm":"Körper Outlines","sr":1,"ks":{"o":{"a":0,"k":100,"ix":11},"r":{"a":0,"k":0,"ix":10},"p":{"a":0,"k":[172.5,182.5,0],"ix":2},"a":{"a":0,"k":[95.5,96,0],"ix":1},"s":{"a":0,"k":[190,190,100],"ix":6}},"ao":0,"shapes":[{"ty":"gr","it":[{"ind":0,"ty":"sh","ix":1,"ks":{"a":0,"k":{"i":[[1.679,0],[0,-1.711],[-1.68,0],[0,1.711]],"o":[[-1.68,0],[0,1.711],[1.679,0],[0,-1.711]],"v":[[0,-3.1],[-3.043,0],[0,3.1],[3.043,0]],"c":true},"ix":2},"nm":"Path 1","mn":"ADBE Vector Shape - Group","hd":false},{"ty":"fl","c":{"a":0,"k":[0.976999978458,0.717000026329,0.680999995213,1],"ix":4},"o":{"a":0,"k":100,"ix":5},"r":1,"bm":0,"nm":"Fill 1","mn":"ADBE Vector Graphic - Fill","hd":false},{"ty":"tr","p":{"a":0,"k":[124.551,50.126],"ix":2},"a":{"a":0,"k":[0,0],"ix":1},"s":{"a":0,"k":[100,100],"ix":3},"r":{"a":0,"k":0,"ix":6},"o":{"a":0,"k":100,"ix":7},"sk":{"a":0,"k":0,"ix":4},"sa":{"a":0,"k":0,"ix":5},"nm":"Transform"}],"nm":"Group 1","np":2,"cix":2,"bm":0,"ix":1,"mn":"ADBE Vector Group","hd":false},{"ty":"gr","it":[{"ind":0,"ty":"sh","ix":1,"ks":{"a":0,"k":{"i":[[1.711,0],[0,-1.711],[-1.711,0],[0,1.711]],"o":[[-1.711,0],[0,1.711],[1.711,0],[0,-1.711]],"v":[[0,-3.1],[-3.099,0],[0,3.1],[3.1,0]],"c":true},"ix":2},"nm":"Path 1","mn":"ADBE Vector Shape - Group","hd":false},{"ty":"fl","c":{"a":0,"k":[0.976999978458,0.717000026329,0.680999995213,1],"ix":4},"o":{"a":0,"k":100,"ix":5},"r":1,"bm":0,"nm":"Fill 1","mn":"ADBE Vector Graphic - Fill","hd":false},{"ty":"tr","p":{"a":0,"k":[143.882,50.126],"ix":2},"a":{"a":0,"k":[0,0],"ix":1},"s":{"a":0,"k":[100,100],"ix":3},"r":{"a":0,"k":0,"ix":6},"o":{"a":0,"k":100,"ix":7},"sk":{"a":0,"k":0,"ix":4},"sa":{"a":0,"k":0,"ix":5},"nm":"Transform"}],"nm":"Group 2","np":2,"cix":2,"bm":0,"ix":2,"mn":"ADBE Vector Group","hd":false},{"ty":"gr","it":[{"ind":0,"ty":"sh","ix":1,"ks":{"a":0,"k":{"i":[[0,0],[0.009,0.153],[0.372,0.458],[0,0]],"o":[[0,0],[-0.035,-0.589],[-0.212,-0.262],[0,0]],"v":[[0.523,1.184],[0.507,0.922],[-0.12,-0.688],[-0.523,-1.184]],"c":false},"ix":2},"nm":"Path 1","mn":"ADBE Vector Shape - Group","hd":false},{"ty":"st","c":{"a":0,"k":[0.256000025132,0.256000025132,0.256000025132,1],"ix":3},"o":{"a":0,"k":100,"ix":4},"w":{"a":0,"k":0.984,"ix":5},"lc":2,"lj":2,"bm":0,"nm":"Stroke 1","mn":"ADBE Vector Graphic - Stroke","hd":false},{"ty":"tr","p":{"a":0,"k":[141.284,55.992],"ix":2},"a":{"a":0,"k":[0,0],"ix":1},"s":{"a":0,"k":[100,100],"ix":3},"r":{"a":0,"k":0,"ix":6},"o":{"a":0,"k":100,"ix":7},"sk":{"a":0,"k":0,"ix":4},"sa":{"a":0,"k":0,"ix":5},"nm":"Transform"}],"nm":"Group 3","np":2,"cix":2,"bm":0,"ix":3,"mn":"ADBE Vector Group","hd":false},{"ty":"gr","it":[{"ind":0,"ty":"sh","ix":1,"ks":{"a":0,"k":{"i":[[0,0],[0.738,-0.443],[0.685,0],[0.727,0],[0.675,0.552],[0.122,0.1],[-0.015,0.043],[-0.045,0.001]],"o":[[0,0],[-0.587,0.353],[-0.675,0],[-0.872,0],[-0.169,-0.137],[-0.035,-0.028],[0.015,-0.042],[1.549,-0.023]],"v":[[4.391,-0.77],[2.728,0.23],[0.783,0.77],[-1.503,0.77],[-3.893,-0.084],[-4.342,-0.452],[-4.375,-0.571],[-4.275,-0.643]],"c":true},"ix":2},"nm":"Path 1","mn":"ADBE Vector Shape - Group","hd":false},{"ty":"fl","c":{"a":0,"k":[1,1,1,1],"ix":4},"o":{"a":0,"k":100,"ix":5},"r":1,"bm":0,"nm":"Fill 1","mn":"ADBE Vector Graphic - Fill","hd":false},{"ty":"tr","p":{"a":0,"k":[133.594,58.442],"ix":2},"a":{"a":0,"k":[0,0],"ix":1},"s":{"a":0,"k":[100,100],"ix":3},"r":{"a":0,"k":0,"ix":6},"o":{"a":0,"k":100,"ix":7},"sk":{"a":0,"k":0,"ix":4},"sa":{"a":0,"k":0,"ix":5},"nm":"Transform"}],"nm":"Group 4","np":2,"cix":2,"bm":0,"ix":4,"mn":"ADBE Vector Group","hd":false},{"ty":"gr","it":[{"ind":0,"ty":"sh","ix":1,"ks":{"a":0,"k":{"i":[[-0.537,0.539],[0.051,0.151],[0.158,0.022],[0.867,0.119],[0.269,0],[0.962,0.001],[0.402,-0.082],[0.629,-0.129],[0.058,-0.113],[-0.052,-0.116],[-0.225,-0.499],[-1.703,0],[-0.671,0],[-1.034,1.037]],"o":[[0.112,-0.113],[-0.051,-0.151],[-1.165,-0.159],[-0.267,-0.036],[-0.812,-0.002],[-0.41,-0.001],[-0.668,0.137],[-0.125,0.026],[-0.058,0.114],[0.15,0.332],[0.701,1.552],[0.699,0],[1.465,0],[0.728,-0.731]],"v":[[6.266,-1.186],[6.366,-1.617],[6.025,-1.899],[1.928,-2.459],[1.123,-2.515],[-2.484,-2.52],[-3.704,-2.398],[-6.066,-1.913],[-6.356,-1.693],[-6.365,-1.33],[-5.778,-0.028],[-1.828,2.521],[0.283,2.521],[4.187,0.901]],"c":true},"ix":2},"nm":"Path 1","mn":"ADBE Vector Shape - Group","hd":false},{"ty":"fl","c":{"a":0,"k":[0.763000009574,0.414999988032,0.354000016755,1],"ix":4},"o":{"a":0,"k":100,"ix":5},"r":1,"bm":0,"nm":"Fill 1","mn":"ADBE Vector Graphic - Fill","hd":false},{"ty":"tr","p":{"a":0,"k":[133.931,58.704],"ix":2},"a":{"a":0,"k":[0,0],"ix":1},"s":{"a":0,"k":[100,100],"ix":3},"r":{"a":0,"k":0,"ix":6},"o":{"a":0,"k":100,"ix":7},"sk":{"a":0,"k":0,"ix":4},"sa":{"a":0,"k":0,"ix":5},"nm":"Transform"}],"nm":"Group 5","np":2,"cix":2,"bm":0,"ix":5,"mn":"ADBE Vector Group","hd":false},{"ty":"gr","it":[{"ind":0,"ty":"sh","ix":1,"ks":{"a":0,"k":{"i":[[0,0],[0.709,0.208],[1.496,-0.564],[0,0]],"o":[[0,0],[-1.535,-0.451],[-0.001,0],[0,0]],"v":[[2.988,0.417],[1.685,0.035],[-2.987,0.21],[-2.988,0.21]],"c":false},"ix":2},"nm":"Path 1","mn":"ADBE Vector Shape - Group","hd":false},{"ty":"st","c":{"a":0,"k":[0.256000025132,0.256000025132,0.256000025132,1],"ix":3},"o":{"a":0,"k":100,"ix":4},"w":{"a":0,"k":1,"ix":5},"lc":2,"lj":2,"bm":0,"nm":"Stroke 1","mn":"ADBE Vector Graphic - Stroke","hd":false},{"ty":"tr","p":{"a":0,"k":[125.088,38.307],"ix":2},"a":{"a":0,"k":[0,0],"ix":1},"s":{"a":0,"k":[100,100],"ix":3},"r":{"a":0,"k":0,"ix":6},"o":{"a":0,"k":100,"ix":7},"sk":{"a":0,"k":0,"ix":4},"sa":{"a":0,"k":0,"ix":5},"nm":"Transform"}],"nm":"Group 6","np":2,"cix":2,"bm":0,"ix":6,"mn":"ADBE Vector Group","hd":false},{"ty":"gr","it":[{"ind":0,"ty":"sh","ix":1,"ks":{"a":0,"k":{"i":[[0.611,0],[0,-0.611],[-0.611,0],[0,0.611]],"o":[[-0.611,0],[0,0.611],[0.611,0],[0,-0.611]],"v":[[-0.001,-1.107],[-1.107,0],[-0.001,1.107],[1.107,0]],"c":true},"ix":2},"nm":"Path 1","mn":"ADBE Vector Shape - Group","hd":false},{"ty":"st","c":{"a":0,"k":[0.256000025132,0.256000025132,0.256000025132,1],"ix":3},"o":{"a":0,"k":100,"ix":4},"w":{"a":0,"k":1,"ix":5},"lc":2,"lj":2,"bm":0,"nm":"Stroke 1","mn":"ADBE Vector Graphic - Stroke","hd":false},{"ty":"fl","c":{"a":0,"k":[1,0.788999968884,0.681999954523,1],"ix":4},"o":{"a":0,"k":100,"ix":5},"r":1,"bm":0,"nm":"Fill 1","mn":"ADBE Vector Graphic - Fill","hd":false},{"ty":"tr","p":{"a":0,"k":[126.628,43.89],"ix":2},"a":{"a":0,"k":[0,0],"ix":1},"s":{"a":0,"k":[100,100],"ix":3},"r":{"a":0,"k":0,"ix":6},"o":{"a":0,"k":100,"ix":7},"sk":{"a":0,"k":0,"ix":4},"sa":{"a":0,"k":0,"ix":5},"nm":"Transform"}],"nm":"Group 7","np":3,"cix":2,"bm":0,"ix":7,"mn":"ADBE Vector Group","hd":false},{"ty":"gr","it":[{"ind":0,"ty":"sh","ix":1,"ks":{"a":0,"k":{"i":[[0.612,0],[0,-0.611],[-0.611,0],[0,0.611]],"o":[[-0.611,0],[0,0.611],[0.612,0],[0,-0.611]],"v":[[0,-1.107],[-1.107,0],[0,1.107],[1.107,0]],"c":true},"ix":2},"nm":"Path 1","mn":"ADBE Vector Shape - Group","hd":false},{"ty":"st","c":{"a":0,"k":[0.256000025132,0.256000025132,0.256000025132,1],"ix":3},"o":{"a":0,"k":100,"ix":4},"w":{"a":0,"k":1,"ix":5},"lc":2,"lj":2,"bm":0,"nm":"Stroke 1","mn":"ADBE Vector Graphic - Stroke","hd":false},{"ty":"fl","c":{"a":0,"k":[1,0.788999968884,0.681999954523,1],"ix":4},"o":{"a":0,"k":100,"ix":5},"r":1,"bm":0,"nm":"Fill 1","mn":"ADBE Vector Graphic - Fill","hd":false},{"ty":"tr","p":{"a":0,"k":[143.131,43.89],"ix":2},"a":{"a":0,"k":[0,0],"ix":1},"s":{"a":0,"k":[100,100],"ix":3},"r":{"a":0,"k":0,"ix":6},"o":{"a":0,"k":100,"ix":7},"sk":{"a":0,"k":0,"ix":4},"sa":{"a":0,"k":0,"ix":5},"nm":"Transform"}],"nm":"Group 8","np":3,"cix":2,"bm":0,"ix":8,"mn":"ADBE Vector Group","hd":false},{"ty":"gr","it":[{"ind":0,"ty":"sh","ix":1,"ks":{"a":0,"k":{"i":[[0,0],[1.385,0],[0.275,0.303],[-0.04,0.407],[-0.006,0.061],[-0.057,0.135],[0,0]],"o":[[0,0],[-0.409,0],[-0.274,-0.303],[0.007,-0.079],[0.014,-0.145],[0.408,-0.969],[0,0]],"v":[[2.325,3.651],[-0.842,3.652],[-1.916,3.177],[-2.285,2.063],[-2.265,1.851],[-2.158,1.428],[-0.019,-3.652]],"c":false},"ix":2},"nm":"Path 1","mn":"ADBE Vector Shape - Group","hd":false},{"ty":"st","c":{"a":0,"k":[0.256000025132,0.256000025132,0.256000025132,1],"ix":3},"o":{"a":0,"k":100,"ix":4},"w":{"a":0,"k":1,"ix":5},"lc":2,"lj":2,"bm":0,"nm":"Stroke 1","mn":"ADBE Vector Graphic - Stroke","hd":false},{"ty":"fl","c":{"a":0,"k":[1,0.788999968884,0.681999954523,1],"ix":4},"o":{"a":0,"k":100,"ix":5},"r":1,"bm":0,"nm":"Fill 1","mn":"ADBE Vector Graphic - Fill","hd":false},{"ty":"tr","p":{"a":0,"k":[131.858,49.518],"ix":2},"a":{"a":0,"k":[0,0],"ix":1},"s":{"a":0,"k":[100,100],"ix":3},"r":{"a":0,"k":0,"ix":6},"o":{"a":0,"k":100,"ix":7},"sk":{"a":0,"k":0,"ix":4},"sa":{"a":0,"k":0,"ix":5},"nm":"Transform"}],"nm":"Group 9","np":3,"cix":2,"bm":0,"ix":9,"mn":"ADBE Vector Group","hd":false},{"ty":"gr","it":[{"ind":0,"ty":"sh","ix":1,"ks":{"a":0,"k":{"i":[[0,0],[-0.192,0.07],[-2.286,-0.888],[0,0]],"o":[[0,0],[2.307,-0.833],[0,0],[0,0]],"v":[[-3.715,0.473],[-3.408,0.361],[3.715,0.447],[3.715,0.447]],"c":false},"ix":2},"nm":"Path 1","mn":"ADBE Vector Shape - Group","hd":false},{"ty":"st","c":{"a":0,"k":[0.256000025132,0.256000025132,0.256000025132,1],"ix":3},"o":{"a":0,"k":100,"ix":4},"w":{"a":0,"k":1,"ix":5},"lc":2,"lj":2,"bm":0,"nm":"Stroke 1","mn":"ADBE Vector Graphic - Stroke","hd":false},{"ty":"tr","p":{"a":0,"k":[142.91,38.01],"ix":2},"a":{"a":0,"k":[0,0],"ix":1},"s":{"a":0,"k":[100,100],"ix":3},"r":{"a":0,"k":0,"ix":6},"o":{"a":0,"k":100,"ix":7},"sk":{"a":0,"k":0,"ix":4},"sa":{"a":0,"k":0,"ix":5},"nm":"Transform"}],"nm":"Group 10","np":2,"cix":2,"bm":0,"ix":10,"mn":"ADBE Vector Group","hd":false},{"ty":"gr","it":[{"ind":0,"ty":"sh","ix":1,"ks":{"a":0,"k":{"i":[[0,0],[0.645,-0.42],[1.457,-0.374],[2.2,-0.565],[1.765,4.775],[0.829,2.243],[-0.406,2.463],[-0.084,0.511],[0.044,0.584],[0.112,1.476],[-0.135,0.644],[-0.053,0.255],[-3.17,2.425],[-0.374,0.286],[-0.449,-0.516],[-0.331,-0.38],[-1.57,-0.674],[-3.475,-1.493],[0.143,-1.18],[0,0],[-0.546,-1.448],[-0.098,0.013],[-0.011,0.098],[-2.171,1.298],[0.386,-3.879],[0,0],[2.128,-1.996],[0,0]],"o":[[0,0],[-1.26,0.82],[-1.543,0.397],[-4.93,1.267],[-1.041,-2.817],[-0.865,-2.341],[0.119,-0.717],[0.095,-0.578],[-0.106,-1.409],[-0.049,-0.656],[0.044,-0.209],[0.822,-3.905],[0.497,-0.379],[0.544,-0.416],[0.285,0.326],[1.123,1.288],[3.856,1.657],[1.092,0.469],[-0.276,2.282],[0,0],[0.035,0.092],[0.098,-0.012],[0.177,-1.468],[2.049,-1.225],[0,0],[-0.385,3.88],[-1.74,1.633],[0,0]],"v":[[6.71,17.637],[5.506,18.421],[1.403,20.225],[-4.513,21.746],[-16.299,15.571],[-19.274,7.519],[-19.974,0.189],[-19.658,-1.723],[-19.581,-3.473],[-20.006,-9.111],[-19.876,-11.072],[-19.729,-11.77],[-13.542,-21.581],[-12.214,-22.596],[-10.447,-22.419],[-9.5,-21.331],[-5.409,-18.35],[9.44,-11.97],[11.042,-9.188],[10.351,-3.479],[11.921,0.687],[12.147,0.823],[12.333,0.634],[15.312,-4.94],[19.994,-0.164],[19.994,-0.164],[16.057,8.449],[12.498,9.396]],"c":false},"ix":2},"nm":"Path 1","mn":"ADBE Vector Shape - Group","hd":false},{"ty":"st","c":{"a":0,"k":[0.256000025132,0.256000025132,0.256000025132,1],"ix":3},"o":{"a":0,"k":100,"ix":4},"w":{"a":0,"k":1,"ix":5},"lc":2,"lj":2,"bm":0,"nm":"Stroke 1","mn":"ADBE Vector Graphic - Stroke","hd":false},{"ty":"fl","c":{"a":0,"k":[1,0.788999968884,0.681999954523,1],"ix":4},"o":{"a":0,"k":100,"ix":5},"r":1,"bm":0,"nm":"Fill 1","mn":"ADBE Vector Graphic - Fill","hd":false},{"ty":"tr","p":{"a":0,"k":[140.863,47.277],"ix":2},"a":{"a":0,"k":[0,0],"ix":1},"s":{"a":0,"k":[100,100],"ix":3},"r":{"a":0,"k":0,"ix":6},"o":{"a":0,"k":100,"ix":7},"sk":{"a":0,"k":0,"ix":4},"sa":{"a":0,"k":0,"ix":5},"nm":"Transform"}],"nm":"Group 11","np":3,"cix":2,"bm":0,"ix":11,"mn":"ADBE Vector Group","hd":false},{"ty":"gr","it":[{"ind":0,"ty":"sh","ix":1,"ks":{"a":0,"k":{"i":[[0,0],[-0.453,-6.034],[-0.513,-1.13],[0,0],[-0.013,3.095],[-0.821,0.19],[-1.401,0.326],[-1.983,1.34],[-0.776,0.524],[0.168,1.394],[0,5.848]],"o":[[0,0],[0.093,1.238],[1.575,3.471],[0,0],[0.003,-0.841],[1.073,-0.249],[2.331,-0.541],[0.863,-0.582],[1.165,-0.787],[-0.577,-4.727],[0,-7.594]],"v":[[-12.044,-14.162],[-10.196,10.426],[-9.28,14.006],[-4.279,25.026],[-4.239,14.911],[-2.834,13.15],[1.171,12.22],[7.697,9.375],[10.253,7.649],[11.876,4.096],[10.048,-17.432]],"c":true},"ix":2},"nm":"Path 1","mn":"ADBE Vector Shape - Group","hd":false},{"ty":"st","c":{"a":0,"k":[0.256000025132,0.256000025132,0.256000025132,1],"ix":3},"o":{"a":0,"k":100,"ix":4},"w":{"a":0,"k":0.984,"ix":5},"lc":2,"lj":2,"bm":0,"nm":"Stroke 1","mn":"ADBE Vector Graphic - Stroke","hd":false},{"ty":"fl","c":{"a":0,"k":[1,0.788999968884,0.681999954523,1],"ix":4},"o":{"a":0,"k":100,"ix":5},"r":1,"bm":0,"nm":"Fill 1","mn":"ADBE Vector Graphic - Fill","hd":false},{"ty":"tr","p":{"a":0,"k":[143.105,74.053],"ix":2},"a":{"a":0,"k":[0,0],"ix":1},"s":{"a":0,"k":[100,100],"ix":3},"r":{"a":0,"k":0,"ix":6},"o":{"a":0,"k":100,"ix":7},"sk":{"a":0,"k":0,"ix":4},"sa":{"a":0,"k":0,"ix":5},"nm":"Transform"}],"nm":"Group 12","np":3,"cix":2,"bm":0,"ix":12,"mn":"ADBE Vector Group","hd":false},{"ty":"gr","it":[{"ind":0,"ty":"sh","ix":1,"ks":{"a":0,"k":{"i":[[0,0],[0.841,-0.529],[2.35,-0.421],[0,0]],"o":[[0,0],[-2.021,1.27],[-0.868,0.156],[0,0]],"v":[[4.849,-1.899],[3.322,-0.939],[-3.295,1.621],[-4.848,1.899]],"c":false},"ix":2},"nm":"Path 1","mn":"ADBE Vector Shape - Group","hd":false},{"ty":"st","c":{"a":0,"k":[0.256000025132,0.256000025132,0.256000025132,1],"ix":3},"o":{"a":0,"k":100,"ix":4},"w":{"a":0,"k":0.984,"ix":5},"lc":2,"lj":2,"bm":0,"nm":"Stroke 1","mn":"ADBE Vector Graphic - Stroke","hd":false},{"ty":"tr","p":{"a":0,"k":[148.132,88.551],"ix":2},"a":{"a":0,"k":[0,0],"ix":1},"s":{"a":0,"k":[100,100],"ix":3},"r":{"a":0,"k":0,"ix":6},"o":{"a":0,"k":100,"ix":7},"sk":{"a":0,"k":0,"ix":4},"sa":{"a":0,"k":0,"ix":5},"nm":"Transform"}],"nm":"Group 13","np":2,"cix":2,"bm":0,"ix":13,"mn":"ADBE Vector Group","hd":false},{"ty":"gr","it":[{"ind":0,"ty":"sh","ix":1,"ks":{"a":0,"k":{"i":[[0,0],[-0.587,-3.053],[0.303,-0.355],[0.466,0.016],[0,0]],"o":[[0,0],[0.088,0.458],[-0.303,0.354],[-1.816,-0.064],[0,0]],"v":[[1.184,-5.288],[2.866,3.451],[2.526,4.736],[1.309,5.272],[-2.954,5.123]],"c":false},"ix":2},"nm":"Path 1","mn":"ADBE Vector Shape - Group","hd":false},{"ty":"st","c":{"a":0,"k":[0.256000025132,0.256000025132,0.256000025132,1],"ix":3},"o":{"a":0,"k":100,"ix":4},"w":{"a":0,"k":0.99,"ix":5},"lc":2,"lj":2,"bm":0,"nm":"Stroke 1","mn":"ADBE Vector Graphic - Stroke","hd":false},{"ty":"fl","c":{"a":0,"k":[1,0.788999968884,0.681999954523,1],"ix":4},"o":{"a":0,"k":100,"ix":5},"r":1,"bm":0,"nm":"Fill 1","mn":"ADBE Vector Graphic - Fill","hd":false},{"ty":"tr","p":{"a":0,"k":[78.383,42.592],"ix":2},"a":{"a":0,"k":[0,0],"ix":1},"s":{"a":0,"k":[100,100],"ix":3},"r":{"a":0,"k":0,"ix":6},"o":{"a":0,"k":100,"ix":7},"sk":{"a":0,"k":0,"ix":4},"sa":{"a":0,"k":0,"ix":5},"nm":"Transform"}],"nm":"Group 14","np":3,"cix":2,"bm":0,"ix":14,"mn":"ADBE Vector Group","hd":false},{"ty":"gr","it":[{"ind":0,"ty":"sh","ix":1,"ks":{"a":0,"k":{"i":[[-3.168,-0.055],[-0.035,-3.119],[4.005,-0.034],[-0.204,5.688]],"o":[[3.168,0.056],[0.04,3.643],[-3.168,0.027],[0.112,-3.118]],"v":[[-4.377,-5.837],[1.785,-2.09],[-4.575,5.466],[-10.915,-1.822]],"c":true},"ix":2},"nm":"Path 1","mn":"ADBE Vector Shape - Group","hd":false},{"ind":1,"ty":"sh","ix":2,"ks":{"a":0,"k":{"i":[[3.168,0.056],[0.144,-3.117],[-4.001,-0.174],[0.005,6.007]],"o":[[-3.168,-0.055],[-0.168,3.639],[3.166,0.138],[-0.003,-3.12]],"v":[[12.118,-5.549],[5.829,-2.02],[11.92,5.755],[18.044,-2.036]],"c":true},"ix":2},"nm":"Path 2","mn":"ADBE Vector Shape - Group","hd":false},{"ind":2,"ty":"sh","ix":3,"ks":{"a":0,"k":{"i":[[0,0],[0,0]],"o":[[0,0],[0,0]],"v":[[-10.28,-3.788],[-19.227,-3.936]],"c":false},"ix":2},"nm":"Path 3","mn":"ADBE Vector Shape - Group","hd":false},{"ind":3,"ty":"sh","ix":4,"ks":{"a":0,"k":{"i":[[0,0],[0,0]],"o":[[0,0],[0,0]],"v":[[19.227,-3.273],[17.239,-3.299]],"c":false},"ix":2},"nm":"Path 4","mn":"ADBE Vector Shape - Group","hd":false},{"ind":4,"ty":"sh","ix":5,"ks":{"a":0,"k":{"i":[[0,0],[-0.166,0.047],[-1.12,-0.397],[0,0]],"o":[[0,0],[1.142,-0.329],[0.075,0.026],[0,0]],"v":[[1.803,-2.958],[2.077,-3.036],[5.555,-2.932],[5.675,-2.889]],"c":false},"ix":2},"nm":"Path 5","mn":"ADBE Vector Shape - Group","hd":false},{"ty":"mm","mm":1,"nm":"Merge Paths 1","mn":"ADBE Vector Filter - Merge","hd":false},{"ty":"st","c":{"a":0,"k":[0.256000025132,0.256000025132,0.256000025132,1],"ix":3},"o":{"a":0,"k":100,"ix":4},"w":{"a":0,"k":1,"ix":5},"lc":2,"lj":2,"bm":0,"nm":"Stroke 1","mn":"ADBE Vector Graphic - Stroke","hd":false},{"ty":"tr","p":{"a":0,"k":[73.946,37.659],"ix":2},"a":{"a":0,"k":[0,0],"ix":1},"s":{"a":0,"k":[100,100],"ix":3},"r":{"a":0,"k":0,"ix":6},"o":{"a":0,"k":100,"ix":7},"sk":{"a":0,"k":0,"ix":4},"sa":{"a":0,"k":0,"ix":5},"nm":"Transform"}],"nm":"Group 15","np":7,"cix":2,"bm":0,"ix":15,"mn":"ADBE Vector Group","hd":false},{"ty":"gr","it":[{"ind":0,"ty":"sh","ix":1,"ks":{"a":0,"k":{"i":[[0,0],[-0.193,-0.204],[-0.281,-0.005],[-1.251,-0.022],[-0.201,0.198],[0.001,0.282],[0,0.022],[0.244,0.149],[0.255,-0.129],[0,0],[0.116,0.143],[0.15,0.184],[0.358,-0.002],[0.223,-0.28],[0.024,-0.03],[0.416,0.157],[0.043,0.016],[0.272,-0.179],[0.014,-0.325]],"o":[[-0.011,0.281],[0.193,0.205],[1.249,0.021],[0.282,0.005],[0.201,-0.199],[-0.001,-0.022],[-0.001,-0.286],[-0.244,-0.149],[0,0],[-0.164,0.083],[-0.107,-0.132],[-0.225,-0.278],[-0.358,0.001],[-0.025,0.031],[-0.277,0.348],[-0.041,-0.015],[-0.304,-0.115],[-0.271,0.18],[0,0]],"v":[[-3.319,0.274],[-3.035,1.033],[-2.294,1.361],[2.262,1.439],[3.017,1.138],[3.329,0.386],[3.328,0.32],[2.933,-0.381],[2.13,-0.414],[2.129,-0.414],[1.649,-0.517],[1.252,-1.006],[0.33,-1.443],[-0.589,-0.998],[-0.662,-0.907],[-1.824,-0.587],[-1.949,-0.634],[-2.866,-0.531],[-3.319,0.274]],"c":true},"ix":2},"nm":"Path 1","mn":"ADBE Vector Shape - Group","hd":false},{"ty":"st","c":{"a":0,"k":[0.256000025132,0.256000025132,0.256000025132,1],"ix":3},"o":{"a":0,"k":100,"ix":4},"w":{"a":0,"k":1,"ix":5},"lc":2,"lj":2,"bm":0,"nm":"Stroke 1","mn":"ADBE Vector Graphic - Stroke","hd":false},{"ty":"fl","c":{"a":0,"k":[0.270999983245,0.270999983245,0.263000009574,1],"ix":4},"o":{"a":0,"k":100,"ix":5},"r":1,"bm":0,"nm":"Fill 1","mn":"ADBE Vector Graphic - Fill","hd":false},{"ty":"tr","p":{"a":0,"k":[85.284,29.671],"ix":2},"a":{"a":0,"k":[0,0],"ix":1},"s":{"a":0,"k":[100,100],"ix":3},"r":{"a":0,"k":0,"ix":6},"o":{"a":0,"k":100,"ix":7},"sk":{"a":0,"k":0,"ix":4},"sa":{"a":0,"k":0,"ix":5},"nm":"Transform"}],"nm":"Group 16","np":3,"cix":2,"bm":0,"ix":16,"mn":"ADBE Vector Group","hd":false},{"ty":"gr","it":[{"ind":0,"ty":"sh","ix":1,"ks":{"a":0,"k":{"i":[[0.023,-0.067],[-0.15,-0.212],[-0.26,-0.005],[-1.245,-0.022],[-0.052,0.435],[-0.006,0.052],[0.279,0.232],[0.347,-0.109],[0,0],[0.224,0.251],[0.063,0.07],[0.358,-0.017],[0.213,-0.289],[0.067,-0.091],[0.328,0.159],[0.001,0],[0.24,-0.101],[0.083,-0.247]],"o":[[-0.082,0.247],[0.15,0.212],[1.434,0.025],[0.439,0.007],[0.006,-0.05],[0.044,-0.361],[-0.279,-0.233],[0,0],[-0.321,0.101],[-0.056,-0.063],[-0.239,-0.267],[-0.358,0.017],[-0.074,0.101],[-0.216,0.294],[0,0],[-0.234,-0.113],[-0.24,0.101],[-0.022,0.067]],"v":[[-3.37,0.29],[-3.263,1.02],[-2.611,1.365],[2.525,1.454],[3.389,0.702],[3.409,0.549],[3.031,-0.402],[2.025,-0.602],[2.025,-0.602],[1.13,-0.848],[0.951,-1.048],[0.007,-1.445],[-0.896,-0.962],[-1.108,-0.671],[-2.048,-0.439],[-2.049,-0.439],[-2.794,-0.46],[-3.303,0.089]],"c":true},"ix":2},"nm":"Path 1","mn":"ADBE Vector Shape - Group","hd":false},{"ty":"st","c":{"a":0,"k":[0.256000025132,0.256000025132,0.256000025132,1],"ix":3},"o":{"a":0,"k":100,"ix":4},"w":{"a":0,"k":1,"ix":5},"lc":2,"lj":2,"bm":0,"nm":"Stroke 1","mn":"ADBE Vector Graphic - Stroke","hd":false},{"ty":"fl","c":{"a":0,"k":[0.270999983245,0.270999983245,0.263000009574,1],"ix":4},"o":{"a":0,"k":100,"ix":5},"r":1,"bm":0,"nm":"Fill 1","mn":"ADBE Vector Graphic - Fill","hd":false},{"ty":"tr","p":{"a":0,"k":[67.24,29.346],"ix":2},"a":{"a":0,"k":[0,0],"ix":1},"s":{"a":0,"k":[100,100],"ix":3},"r":{"a":0,"k":0,"ix":6},"o":{"a":0,"k":100,"ix":7},"sk":{"a":0,"k":0,"ix":4},"sa":{"a":0,"k":0,"ix":5},"nm":"Transform"}],"nm":"Group 17","np":3,"cix":2,"bm":0,"ix":17,"mn":"ADBE Vector Group","hd":false},{"ty":"gr","it":[{"ind":0,"ty":"sh","ix":1,"ks":{"a":0,"k":{"i":[[0,0],[0,0]],"o":[[0,0],[0,0]],"v":[[-1.252,-0.021],[1.252,0.021]],"c":false},"ix":2},"nm":"Path 1","mn":"ADBE Vector Shape - Group","hd":false},{"ty":"st","c":{"a":0,"k":[0.256000025132,0.256000025132,0.256000025132,1],"ix":3},"o":{"a":0,"k":100,"ix":4},"w":{"a":0,"k":0.99,"ix":5},"lc":2,"lj":2,"bm":0,"nm":"Stroke 1","mn":"ADBE Vector Graphic - Stroke","hd":false},{"ty":"tr","p":{"a":0,"k":[76.641,57.441],"ix":2},"a":{"a":0,"k":[0,0],"ix":1},"s":{"a":0,"k":[100,100],"ix":3},"r":{"a":0,"k":0,"ix":6},"o":{"a":0,"k":100,"ix":7},"sk":{"a":0,"k":0,"ix":4},"sa":{"a":0,"k":0,"ix":5},"nm":"Transform"}],"nm":"Group 18","np":2,"cix":2,"bm":0,"ix":18,"mn":"ADBE Vector Group","hd":false},{"ty":"gr","it":[{"ind":0,"ty":"sh","ix":1,"ks":{"a":0,"k":{"i":[[0.013,1.594],[0,0],[-1.593,-0.028],[0,0]],"o":[[0,0],[0.014,1.594],[0,0],[1.593,0.027]],"v":[[5.113,-1.343],[-5.126,-1.522],[-2.214,1.417],[2.251,1.495]],"c":true},"ix":2},"nm":"Path 1","mn":"ADBE Vector Shape - Group","hd":false},{"ty":"st","c":{"a":0,"k":[0.256000025132,0.256000025132,0.256000025132,1],"ix":3},"o":{"a":0,"k":100,"ix":4},"w":{"a":0,"k":0.99,"ix":5},"lc":2,"lj":2,"bm":0,"nm":"Stroke 1","mn":"ADBE Vector Graphic - Stroke","hd":false},{"ty":"fl","c":{"a":0,"k":[1,1,1,1],"ix":4},"o":{"a":0,"k":100,"ix":5},"r":1,"bm":0,"nm":"Fill 1","mn":"ADBE Vector Graphic - Fill","hd":false},{"ty":"tr","p":{"a":0,"k":[76.564,52.917],"ix":2},"a":{"a":0,"k":[0,0],"ix":1},"s":{"a":0,"k":[100,100],"ix":3},"r":{"a":0,"k":0,"ix":6},"o":{"a":0,"k":100,"ix":7},"sk":{"a":0,"k":0,"ix":4},"sa":{"a":0,"k":0,"ix":5},"nm":"Transform"}],"nm":"Group 19","np":3,"cix":2,"bm":0,"ix":19,"mn":"ADBE Vector Group","hd":false},{"ty":"gr","it":[{"ind":0,"ty":"sh","ix":1,"ks":{"a":0,"k":{"i":[[0,0],[0,0]],"o":[[0,0],[0,0]],"v":[[-8.022,6.688],[-8.075,9.309]],"c":false},"ix":2},"nm":"Path 1","mn":"ADBE Vector Shape - Group","hd":false},{"ind":1,"ty":"sh","ix":2,"ks":{"a":0,"k":{"i":[[-0.593,-0.01],[-0.005,-0.593],[0.593,0.01],[0.005,0.593]],"o":[[0.592,0.011],[0.005,0.592],[-0.592,-0.011],[-0.005,-0.592]],"v":[[-8.633,-9.299],[-7.551,-8.206],[-8.615,-7.151],[-9.697,-8.244]],"c":true},"ix":2},"nm":"Path 2","mn":"ADBE Vector Shape - Group","hd":false},{"ind":2,"ty":"sh","ix":3,"ks":{"a":0,"k":{"i":[[-0.593,-0.011],[-0.005,-0.592],[0.593,0.01],[0.005,0.592]],"o":[[0.592,0.01],[0.005,0.593],[-0.592,-0.01],[-0.005,-0.593]],"v":[[8.615,-8.997],[9.697,-7.905],[8.633,-6.85],[7.551,-7.942]],"c":true},"ix":2},"nm":"Path 3","mn":"ADBE Vector Shape - Group","hd":false},{"ty":"mm","mm":1,"nm":"Merge Paths 1","mn":"ADBE Vector Filter - Merge","hd":false},{"ty":"st","c":{"a":0,"k":[0.256000025132,0.256000025132,0.256000025132,1],"ix":3},"o":{"a":0,"k":100,"ix":4},"w":{"a":0,"k":0.99,"ix":5},"lc":2,"lj":2,"bm":0,"nm":"Stroke 1","mn":"ADBE Vector Graphic - Stroke","hd":false},{"ty":"tr","p":{"a":0,"k":[75.642,44.305],"ix":2},"a":{"a":0,"k":[0,0],"ix":1},"s":{"a":0,"k":[100,100],"ix":3},"r":{"a":0,"k":0,"ix":6},"o":{"a":0,"k":100,"ix":7},"sk":{"a":0,"k":0,"ix":4},"sa":{"a":0,"k":0,"ix":5},"nm":"Transform"}],"nm":"Group 20","np":5,"cix":2,"bm":0,"ix":20,"mn":"ADBE Vector Group","hd":false},{"ty":"gr","it":[{"ind":0,"ty":"sh","ix":1,"ks":{"a":0,"k":{"i":[[0,0],[-0.242,-0.802],[-2.683,-1.231],[-1.399,-0.641],[-1.563,0.037],[-1.91,0.045],[-0.634,1.898],[0,0],[-1.435,4.295],[0.368,1.779],[0.08,0.388],[-0.519,1.385],[0,0],[0.217,1.313],[0.508,3.065],[1.41,1.258],[0.023,0.02],[0.89,-0.196],[1.971,-0.433],[0.995,0.283],[1.451,0.414],[2.303,-1.297],[1.303,-0.734],[-0.218,-0.73],[-0.455,-1.517],[0.184,-0.381],[0.371,-0.768],[-0.1,-1.273],[-0.062,-0.793],[0.468,-0.048],[0,0],[0.121,0.48],[0.138,0.547],[1.848,-0.115],[0.005,0],[0.677,-0.803],[-0.113,-1.044],[-0.084,-0.775],[-1.291,-1.836],[-0.667,-0.95],[-0.928,0.557],[0,0]],"o":[[0,0],[0.852,2.826],[1.686,0.774],[1.42,0.652],[1.721,-0.041],[2.001,-0.047],[0,0],[0.038,-0.112],[0.576,-1.723],[-0.083,-0.399],[-0.299,-1.448],[0,0],[0.467,-1.246],[-0.444,-2.679],[-0.308,-1.864],[-0.023,-0.02],[-0.68,-0.606],[-1.911,0.42],[-1.011,0.223],[-1.107,-0.316],[-2.542,-0.726],[-1.901,1.071],[-0.664,0.374],[0.603,2.009],[0.122,0.405],[-0.266,0.551],[-0.555,1.151],[0.081,1.031],[0.037,0.469],[-0.001,0],[-0.493,0.051],[-0.104,-0.413],[-0.453,-1.795],[-0.004,0],[-1.048,0.066],[-0.676,0.803],[0.086,0.797],[0.242,2.231],[0.781,1.112],[0.622,0.885],[0.714,-0.429],[0,0]],"v":[[-10.506,15.256],[-10.087,16.646],[-4.527,23.027],[0.428,25.3],[4.96,26.235],[10.941,26.093],[15.332,22.851],[17.147,17.417],[21.314,4.951],[21.632,-0.394],[21.385,-1.587],[21.721,-5.922],[21.721,-5.922],[22.102,-9.828],[20.36,-20.34],[17.704,-25.164],[17.636,-25.224],[15.135,-25.878],[7.865,-24.279],[4.809,-24.372],[0.696,-25.546],[-6.875,-24.653],[-12.282,-21.608],[-13.042,-19.721],[-10.821,-12.315],[-10.918,-11.094],[-11.964,-8.925],[-12.66,-5.224],[-12.422,-2.185],[-13.198,-1.255],[-13.199,-1.255],[-14.268,-2.003],[-14.643,-3.488],[-18.611,-6.385],[-18.624,-6.384],[-21.325,-5.024],[-22.206,-2.133],[-21.946,0.27],[-19.611,6.471],[-17.294,9.77],[-14.542,10.352],[-13.154,9.518]],"c":false},"ix":2},"nm":"Path 1","mn":"ADBE Vector Shape - Group","hd":false},{"ty":"st","c":{"a":0,"k":[0.256000025132,0.256000025132,0.256000025132,1],"ix":3},"o":{"a":0,"k":100,"ix":4},"w":{"a":0,"k":0.99,"ix":5},"lc":2,"lj":2,"bm":0,"nm":"Stroke 1","mn":"ADBE Vector Graphic - Stroke","hd":false},{"ty":"fl","c":{"a":0,"k":[1,0.788999968884,0.681999954523,1],"ix":4},"o":{"a":0,"k":100,"ix":5},"r":1,"bm":0,"nm":"Fill 1","mn":"ADBE Vector Graphic - Fill","hd":false},{"ty":"tr","p":{"a":0,"k":[68.736,40.843],"ix":2},"a":{"a":0,"k":[0,0],"ix":1},"s":{"a":0,"k":[100,100],"ix":3},"r":{"a":0,"k":0,"ix":6},"o":{"a":0,"k":100,"ix":7},"sk":{"a":0,"k":0,"ix":4},"sa":{"a":0,"k":0,"ix":5},"nm":"Transform"}],"nm":"Group 21","np":3,"cix":2,"bm":0,"ix":21,"mn":"ADBE Vector Group","hd":false},{"ty":"gr","it":[{"ind":0,"ty":"sh","ix":1,"ks":{"a":0,"k":{"i":[[4.658,0.069],[0.627,3.024],[0.667,3.215],[-1.225,1.623],[-0.259,0.343],[-0.125,1.191],[-0.122,1.162],[-0.919,0.47],[-0.824,0.422],[-0.211,0.345],[-0.416,0.678],[-2.034,-0.354],[-0.001,0],[-1.085,0.762],[-0.245,0.171],[-1.745,-1.23],[0,0],[-1.416,0.346],[-0.309,0.075],[-1.255,-1.194],[-0.35,-0.333],[-0.157,-0.113],[-1.175,-0.839],[0.558,-1.713],[0.093,-0.287],[0.015,-0.051],[0.425,-1.418],[0.185,-0.359],[2.89,-5.622],[2.505,0.037]],"o":[[-3.087,-0.046],[-0.79,-3.81],[-0.413,-1.99],[0.283,-0.375],[0.722,-0.956],[0.126,-1.199],[0.108,-1.027],[1.177,-0.602],[0.36,-0.184],[0.265,-0.433],[1.079,-1.761],[0,0],[1.305,0.227],[0.23,-0.162],[1.748,-1.227],[0,0],[1.192,0.841],[0.302,-0.074],[1.683,-0.412],[0.734,0.699],[0.14,0.134],[0.512,0.365],[1.467,1.047],[-0.36,1.105],[-0.017,0.051],[-0.169,0.565],[-0.115,0.387],[-1.274,2.48],[-1.145,2.227],[-4.26,-0.063]],"v":[[-12.664,21.373],[-19.02,16.121],[-21.525,4.037],[-20.247,-1.648],[-19.422,-2.741],[-18.128,-6.023],[-17.716,-9.942],[-16.07,-12.342],[-12.486,-14.177],[-11.612,-14.986],[-10.532,-16.747],[-5.375,-19.077],[-5.374,-19.077],[-1.641,-19.911],[-0.924,-20.414],[4.898,-20.408],[4.898,-20.408],[9.003,-19.63],[9.927,-19.856],[14.641,-18.6],[16.461,-16.867],[16.908,-16.497],[19.854,-14.394],[21.38,-9.756],[20.579,-7.298],[20.531,-7.146],[18.872,-1.607],[18.42,-0.485],[8.904,18.028],[2.945,21.604]],"c":true},"ix":2},"nm":"Path 1","mn":"ADBE Vector Shape - Group","hd":false},{"ty":"st","c":{"a":0,"k":[0.256000025132,0.256000025132,0.256000025132,1],"ix":3},"o":{"a":0,"k":100,"ix":4},"w":{"a":0,"k":0.99,"ix":5},"lc":2,"lj":2,"bm":0,"nm":"Stroke 1","mn":"ADBE Vector Graphic - Stroke","hd":false},{"ty":"tr","p":{"a":0,"k":[67.02,23.933],"ix":2},"a":{"a":0,"k":[0,0],"ix":1},"s":{"a":0,"k":[100,100],"ix":3},"r":{"a":0,"k":0,"ix":6},"o":{"a":0,"k":100,"ix":7},"sk":{"a":0,"k":0,"ix":4},"sa":{"a":0,"k":0,"ix":5},"nm":"Transform"}],"nm":"Group 22","np":2,"cix":2,"bm":0,"ix":22,"mn":"ADBE Vector Group","hd":false},{"ty":"gr","it":[{"ind":0,"ty":"sh","ix":1,"ks":{"a":0,"k":{"i":[[0,0],[0.033,0.157],[0.667,3.215],[-1.225,1.623],[-0.259,0.343],[-0.125,1.191],[-0.122,1.162],[-0.919,0.47],[-0.824,0.422],[-0.211,0.345],[-0.416,0.678],[-2.034,-0.354],[-0.001,0],[-0.04,-0.006],[0,0],[0.023,-1.327],[0,0],[0.674,-0.519],[1.066,-0.82],[0.023,-1.304],[0.005,-0.305],[0.464,-0.688],[0.761,-1.127],[-0.056,-0.942]],"o":[[-0.043,-0.152],[-0.79,-3.81],[-0.413,-1.99],[0.283,-0.375],[0.722,-0.956],[0.126,-1.199],[0.108,-1.027],[1.177,-0.602],[0.36,-0.184],[0.265,-0.433],[1.079,-1.761],[0,0],[0.038,0.007],[0,0],[-1.231,0.494],[0,0],[-0.015,0.85],[-0.929,0.714],[-1.034,0.796],[-0.006,0.33],[-0.015,0.83],[-0.727,1.075],[-0.529,0.782],[0,0]],"v":[[-5.309,18.008],[-5.423,17.544],[-7.928,5.46],[-6.65,-0.225],[-5.825,-1.318],[-4.531,-4.6],[-4.119,-8.519],[-2.473,-10.919],[1.111,-12.754],[1.986,-13.563],[3.066,-15.324],[8.222,-17.654],[8.224,-17.654],[8.34,-17.635],[6.137,-16.752],[4.066,-13.748],[4.066,-13.748],[2.977,-11.582],[-0.379,-9.002],[-2.051,-5.68],[-2.068,-4.712],[-2.802,-2.387],[-5.417,1.481],[-6.145,4.139]],"c":true},"ix":2},"nm":"Path 1","mn":"ADBE Vector Shape - Group","hd":false},{"ty":"fl","c":{"a":0,"k":[1,1,1,1],"ix":4},"o":{"a":0,"k":100,"ix":5},"r":1,"bm":0,"nm":"Fill 1","mn":"ADBE Vector Graphic - Fill","hd":false},{"ty":"tr","p":{"a":0,"k":[53.422,22.51],"ix":2},"a":{"a":0,"k":[0,0],"ix":1},"s":{"a":0,"k":[100,100],"ix":3},"r":{"a":0,"k":0,"ix":6},"o":{"a":0,"k":100,"ix":7},"sk":{"a":0,"k":0,"ix":4},"sa":{"a":0,"k":0,"ix":5},"nm":"Transform"}],"nm":"Group 23","np":2,"cix":2,"bm":0,"ix":23,"mn":"ADBE Vector Group","hd":false},{"ty":"gr","it":[{"ind":0,"ty":"sh","ix":1,"ks":{"a":0,"k":{"i":[[4.658,0.069],[0.627,3.024],[0.667,3.215],[-1.225,1.623],[-0.259,0.343],[-0.125,1.191],[-0.122,1.162],[-0.919,0.47],[-0.824,0.422],[-0.211,0.345],[-0.416,0.678],[-2.034,-0.354],[-0.001,0],[-1.085,0.762],[-0.245,0.171],[-1.745,-1.23],[0,0],[-1.416,0.346],[-0.309,0.075],[-1.255,-1.194],[-0.35,-0.333],[-0.157,-0.113],[-1.175,-0.839],[0.558,-1.713],[0.093,-0.287],[0.015,-0.051],[0.425,-1.418],[0.185,-0.359],[2.89,-5.622],[2.505,0.037]],"o":[[-3.087,-0.046],[-0.79,-3.81],[-0.413,-1.99],[0.283,-0.375],[0.722,-0.956],[0.126,-1.199],[0.108,-1.027],[1.177,-0.602],[0.36,-0.184],[0.265,-0.433],[1.079,-1.761],[0,0],[1.305,0.227],[0.23,-0.162],[1.748,-1.227],[0,0],[1.192,0.841],[0.302,-0.074],[1.683,-0.412],[0.734,0.699],[0.14,0.134],[0.512,0.365],[1.467,1.047],[-0.36,1.105],[-0.017,0.051],[-0.169,0.565],[-0.115,0.387],[-1.274,2.48],[-1.145,2.227],[-4.26,-0.063]],"v":[[-12.664,21.373],[-19.02,16.121],[-21.525,4.037],[-20.247,-1.648],[-19.422,-2.741],[-18.128,-6.023],[-17.716,-9.942],[-16.07,-12.342],[-12.486,-14.177],[-11.612,-14.986],[-10.532,-16.747],[-5.375,-19.077],[-5.374,-19.077],[-1.641,-19.911],[-0.924,-20.414],[4.898,-20.408],[4.898,-20.408],[9.003,-19.63],[9.927,-19.856],[14.641,-18.6],[16.461,-16.867],[16.908,-16.497],[19.854,-14.394],[21.38,-9.756],[20.579,-7.298],[20.531,-7.146],[18.872,-1.607],[18.42,-0.485],[8.904,18.028],[2.945,21.604]],"c":true},"ix":2},"nm":"Path 1","mn":"ADBE Vector Shape - Group","hd":false},{"ty":"fl","c":{"a":0,"k":[0.270999983245,0.270999983245,0.263000009574,1],"ix":4},"o":{"a":0,"k":100,"ix":5},"r":1,"bm":0,"nm":"Fill 1","mn":"ADBE Vector Graphic - Fill","hd":false},{"ty":"tr","p":{"a":0,"k":[67.02,23.933],"ix":2},"a":{"a":0,"k":[0,0],"ix":1},"s":{"a":0,"k":[100,100],"ix":3},"r":{"a":0,"k":0,"ix":6},"o":{"a":0,"k":100,"ix":7},"sk":{"a":0,"k":0,"ix":4},"sa":{"a":0,"k":0,"ix":5},"nm":"Transform"}],"nm":"Group 24","np":2,"cix":2,"bm":0,"ix":24,"mn":"ADBE Vector Group","hd":false},{"ty":"gr","it":[{"ind":0,"ty":"sh","ix":1,"ks":{"a":0,"k":{"i":[[0,0],[-0.292,-4.983],[0.778,-1.34],[-10.385,0.775],[0,0],[3.608,2.759],[0,0]],"o":[[0,0],[0.091,1.547],[-2.612,4.441],[0,0],[11.487,-0.856],[-1.768,-1.353],[0,0]],"v":[[-14.403,-14.524],[-13.577,-0.402],[-14.629,4.023],[2.665,16.093],[2.665,16.093],[13.634,5.877],[13.934,-16.868]],"c":false},"ix":2},"nm":"Path 1","mn":"ADBE Vector Shape - Group","hd":false},{"ty":"st","c":{"a":0,"k":[0.256000025132,0.256000025132,0.256000025132,1],"ix":3},"o":{"a":0,"k":100,"ix":4},"w":{"a":0,"k":0.99,"ix":5},"lc":2,"lj":2,"bm":0,"nm":"Stroke 1","mn":"ADBE Vector Graphic - Stroke","hd":false},{"ty":"fl","c":{"a":0,"k":[1,0.788999968884,0.681999954523,1],"ix":4},"o":{"a":0,"k":100,"ix":5},"r":1,"bm":0,"nm":"Fill 1","mn":"ADBE Vector Graphic - Fill","hd":false},{"ty":"tr","p":{"a":0,"k":[69.017,61.893],"ix":2},"a":{"a":0,"k":[0,0],"ix":1},"s":{"a":0,"k":[100,100],"ix":3},"r":{"a":0,"k":0,"ix":6},"o":{"a":0,"k":100,"ix":7},"sk":{"a":0,"k":0,"ix":4},"sa":{"a":0,"k":0,"ix":5},"nm":"Transform"}],"nm":"Group 25","np":3,"cix":2,"bm":0,"ix":25,"mn":"ADBE Vector Group","hd":false},{"ty":"gr","it":[{"ind":0,"ty":"sh","ix":1,"ks":{"a":0,"k":{"i":[[0,0],[0.813,1.535],[0.014,0.32],[0,0]],"o":[[0,0],[-0.15,-0.283],[-0.063,-1.426],[0,0]],"v":[[2.009,6.541],[-1.516,-0.121],[-1.766,-1.037],[-2.01,-6.541]],"c":false},"ix":2},"nm":"Path 1","mn":"ADBE Vector Shape - Group","hd":false},{"ty":"st","c":{"a":0,"k":[0.256000025132,0.256000025132,0.256000025132,1],"ix":3},"o":{"a":0,"k":100,"ix":4},"w":{"a":0,"k":0.984,"ix":5},"lc":2,"lj":2,"bm":0,"nm":"Stroke 1","mn":"ADBE Vector Graphic - Stroke","hd":false},{"ty":"tr","p":{"a":0,"k":[132.053,87.984],"ix":2},"a":{"a":0,"k":[0,0],"ix":1},"s":{"a":0,"k":[100,100],"ix":3},"r":{"a":0,"k":0,"ix":6},"o":{"a":0,"k":100,"ix":7},"sk":{"a":0,"k":0,"ix":4},"sa":{"a":0,"k":0,"ix":5},"nm":"Transform"}],"nm":"Group 26","np":2,"cix":2,"bm":0,"ix":26,"mn":"ADBE Vector Group","hd":false},{"ty":"gr","it":[{"ind":0,"ty":"sh","ix":1,"ks":{"a":0,"k":{"i":[[0,0],[1.508,-1.046],[0.487,-0.539],[0,0]],"o":[[0,0],[-0.597,0.414],[-1.175,1.298],[0,0]],"v":[[4.683,-4.087],[0.295,-1.044],[-1.335,0.389],[-4.683,4.087]],"c":false},"ix":2},"nm":"Path 1","mn":"ADBE Vector Shape - Group","hd":false},{"ty":"st","c":{"a":0,"k":[0.256000025132,0.256000025132,0.256000025132,1],"ix":3},"o":{"a":0,"k":100,"ix":4},"w":{"a":0,"k":1,"ix":5},"lc":2,"lj":2,"bm":0,"nm":"Stroke 1","mn":"ADBE Vector Graphic - Stroke","hd":false},{"ty":"tr","p":{"a":0,"k":[172.777,116.974],"ix":2},"a":{"a":0,"k":[0,0],"ix":1},"s":{"a":0,"k":[100,100],"ix":3},"r":{"a":0,"k":0,"ix":6},"o":{"a":0,"k":100,"ix":7},"sk":{"a":0,"k":0,"ix":4},"sa":{"a":0,"k":0,"ix":5},"nm":"Transform"}],"nm":"Group 27","np":2,"cix":2,"bm":0,"ix":27,"mn":"ADBE Vector Group","hd":false},{"ty":"gr","it":[{"ind":0,"ty":"sh","ix":1,"ks":{"a":0,"k":{"i":[[0.455,0],[0,-0.454],[-0.454,0],[0,0.455]],"o":[[-0.454,0],[0,0.455],[0.455,0],[0,-0.454]],"v":[[-0.001,-0.823],[-0.824,-0.001],[-0.001,0.823],[0.823,-0.001]],"c":true},"ix":2},"nm":"Path 1","mn":"ADBE Vector Shape - Group","hd":false},{"ty":"fl","c":{"a":0,"k":[0.256000025132,0.256000025132,0.256000025132,1],"ix":4},"o":{"a":0,"k":100,"ix":5},"r":1,"bm":0,"nm":"Fill 1","mn":"ADBE Vector Graphic - Fill","hd":false},{"ty":"tr","p":{"a":0,"k":[138.73,124.533],"ix":2},"a":{"a":0,"k":[0,0],"ix":1},"s":{"a":0,"k":[100,100],"ix":3},"r":{"a":0,"k":0,"ix":6},"o":{"a":0,"k":100,"ix":7},"sk":{"a":0,"k":0,"ix":4},"sa":{"a":0,"k":0,"ix":5},"nm":"Transform"}],"nm":"Group 28","np":2,"cix":2,"bm":0,"ix":28,"mn":"ADBE Vector Group","hd":false},{"ty":"gr","it":[{"ind":0,"ty":"sh","ix":1,"ks":{"a":0,"k":{"i":[[0.454,0],[0,-0.455],[-0.455,0],[0,0.454]],"o":[[-0.455,0],[0,0.454],[0.454,0],[0,-0.455]],"v":[[0.001,-0.823],[-0.824,0.001],[0.001,0.823],[0.824,0.001]],"c":true},"ix":2},"nm":"Path 1","mn":"ADBE Vector Shape - Group","hd":false},{"ty":"fl","c":{"a":0,"k":[0.256000025132,0.256000025132,0.256000025132,1],"ix":4},"o":{"a":0,"k":100,"ix":5},"r":1,"bm":0,"nm":"Fill 1","mn":"ADBE Vector Graphic - Fill","hd":false},{"ty":"tr","p":{"a":0,"k":[143.263,104.96],"ix":2},"a":{"a":0,"k":[0,0],"ix":1},"s":{"a":0,"k":[100,100],"ix":3},"r":{"a":0,"k":0,"ix":6},"o":{"a":0,"k":100,"ix":7},"sk":{"a":0,"k":0,"ix":4},"sa":{"a":0,"k":0,"ix":5},"nm":"Transform"}],"nm":"Group 29","np":2,"cix":2,"bm":0,"ix":29,"mn":"ADBE Vector Group","hd":false},{"ty":"gr","it":[{"ind":0,"ty":"sh","ix":1,"ks":{"a":0,"k":{"i":[[0,0],[-0.528,1.7],[-4.694,1.559]],"o":[[-0.285,2.434],[0.552,-1.775],[0,0]],"v":[[-21.879,18.939],[-19.889,19.749],[-12.491,14.26]],"c":false},"ix":2},"nm":"Path 1","mn":"ADBE Vector Shape - Group","hd":false},{"ind":1,"ty":"sh","ix":2,"ks":{"a":0,"k":{"i":[[0,0],[-0.006,-1.209],[-0.647,-1.594],[0,0],[0.847,-2.333],[1.13,-3.112],[-1.017,-4.232],[0,0]],"o":[[0,0],[0.007,1.72],[0,0],[0.933,2.3],[-0.96,2.642],[-1.486,4.09],[0.637,2.649],[0,0]],"v":[[20.182,-25.899],[20.193,-23.515],[21.184,-18.499],[21.184,-18.499],[21.317,-11.303],[17.902,-1.901],[17.184,10.858],[18.411,15.961]],"c":false},"ix":2},"nm":"Path 2","mn":"ADBE Vector Shape - Group","hd":false},{"ind":2,"ty":"sh","ix":3,"ks":{"a":0,"k":{"i":[[0,0],[0.972,-0.8],[0.974,-2.474]],"o":[[0,0],[-0.972,0.799],[0,0]],"v":[[-9.893,16.014],[-13.276,16.971],[-19.016,25.899]],"c":false},"ix":2},"nm":"Path 3","mn":"ADBE Vector Shape - Group","hd":false},{"ty":"mm","mm":1,"nm":"Merge Paths 1","mn":"ADBE Vector Filter - Merge","hd":false},{"ty":"st","c":{"a":0,"k":[0.256000025132,0.256000025132,0.256000025132,1],"ix":3},"o":{"a":0,"k":100,"ix":4},"w":{"a":0,"k":1,"ix":5},"lc":2,"lj":2,"bm":0,"nm":"Stroke 1","mn":"ADBE Vector Graphic - Stroke","hd":false},{"ty":"tr","p":{"a":0,"k":[118.814,121.484],"ix":2},"a":{"a":0,"k":[0,0],"ix":1},"s":{"a":0,"k":[100,100],"ix":3},"r":{"a":0,"k":0,"ix":6},"o":{"a":0,"k":100,"ix":7},"sk":{"a":0,"k":0,"ix":4},"sa":{"a":0,"k":0,"ix":5},"nm":"Transform"}],"nm":"Group 30","np":5,"cix":2,"bm":0,"ix":30,"mn":"ADBE Vector Group","hd":false},{"ty":"gr","it":[{"ind":0,"ty":"sh","ix":1,"ks":{"a":0,"k":{"i":[[0,0],[3.909,-10.196],[-0.14,-1.985],[-0.271,-3.86],[-3.122,-0.486],[0,0],[0.827,4.916],[-2.475,1.768],[0,0],[0.035,0.337],[1.007,0.226],[0,0],[-0.112,1.131],[0.084,0.368],[0.576,2.521],[-0.543,2.461],[-0.596,2.698],[0.214,0.74],[0,0]],"o":[[0,0],[-0.712,1.857],[0.222,3.171],[0.222,3.151],[7.15,1.114],[0,0],[-0.504,-2.999],[0.001,0],[0,0],[-0.106,-1.027],[-1.14,-0.256],[0,0],[0.037,-0.376],[-0.283,-1.242],[-0.561,-2.458],[0.953,-4.315],[0.167,-0.753],[-0.646,-2.235],[0,0]],"v":[[4.638,-35.817],[-12.442,8.729],[-13.311,14.562],[-12.462,26.649],[-6.748,32.865],[12.207,35.817],[10.229,24.057],[13.45,16.265],[13.451,16.265],[13.389,15.677],[11.525,13.58],[9.087,13.032],[9.438,9.477],[9.367,8.354],[7.803,1.504],[7.776,-5.967],[10.838,-19.827],[10.765,-22.103],[8.738,-29.112]],"c":false},"ix":2},"nm":"Path 1","mn":"ADBE Vector Shape - Group","hd":false},{"ty":"st","c":{"a":0,"k":[0.256000025132,0.256000025132,0.256000025132,1],"ix":3},"o":{"a":0,"k":100,"ix":4},"w":{"a":0,"k":1,"ix":5},"lc":2,"lj":2,"bm":0,"nm":"Stroke 1","mn":"ADBE Vector Graphic - Stroke","hd":false},{"ty":"fl","c":{"a":0,"k":[0.725,0.626999978458,0.795999983245,1],"ix":4},"o":{"a":0,"k":100,"ix":5},"r":1,"bm":0,"nm":"Fill 1","mn":"ADBE Vector Graphic - Fill","hd":false},{"ty":"tr","p":{"a":0,"k":[99.834,124.466],"ix":2},"a":{"a":0,"k":[0,0],"ix":1},"s":{"a":0,"k":[100,100],"ix":3},"r":{"a":0,"k":0,"ix":6},"o":{"a":0,"k":100,"ix":7},"sk":{"a":0,"k":0,"ix":4},"sa":{"a":0,"k":0,"ix":5},"nm":"Transform"}],"nm":"Group 31","np":3,"cix":2,"bm":0,"ix":31,"mn":"ADBE Vector Group","hd":false},{"ty":"gr","it":[{"ind":0,"ty":"sh","ix":1,"ks":{"a":0,"k":{"i":[[0,0],[0,0]],"o":[[0,0],[0,0]],"v":[[-7.491,-4.521],[-4.914,-4.58]],"c":false},"ix":2},"nm":"Path 1","mn":"ADBE Vector Shape - Group","hd":false},{"ind":1,"ty":"sh","ix":2,"ks":{"a":0,"k":{"i":[[0,0],[1.062,0.413],[0.158,0.002],[0,0]],"o":[[0,0],[-0.147,-0.057],[-1.451,-0.017],[0,0]],"v":[[7.926,1.163],[2.377,-0.995],[1.915,-1.084],[-7.095,-1.187]],"c":false},"ix":2},"nm":"Path 2","mn":"ADBE Vector Shape - Group","hd":false},{"ind":2,"ty":"sh","ix":3,"ks":{"a":0,"k":{"i":[[0,0],[1.1,0.427],[0.173,-0.004],[0,0]],"o":[[0,0],[-0.161,-0.063],[-1.201,0.027],[0,0]],"v":[[4.219,4.58],[-1.308,2.431],[-1.815,2.342],[-7.926,2.483]],"c":false},"ix":2},"nm":"Path 3","mn":"ADBE Vector Shape - Group","hd":false},{"ty":"mm","mm":1,"nm":"Merge Paths 1","mn":"ADBE Vector Filter - Merge","hd":false},{"ty":"st","c":{"a":0,"k":[0.256000025132,0.256000025132,0.256000025132,1],"ix":3},"o":{"a":0,"k":100,"ix":4},"w":{"a":0,"k":0.984,"ix":5},"lc":2,"lj":2,"bm":0,"nm":"Stroke 1","mn":"ADBE Vector Graphic - Stroke","hd":false},{"ty":"tr","p":{"a":0,"k":[168.093,138.213],"ix":2},"a":{"a":0,"k":[0,0],"ix":1},"s":{"a":0,"k":[100,100],"ix":3},"r":{"a":0,"k":0,"ix":6},"o":{"a":0,"k":100,"ix":7},"sk":{"a":0,"k":0,"ix":4},"sa":{"a":0,"k":0,"ix":5},"nm":"Transform"}],"nm":"Group 32","np":5,"cix":2,"bm":0,"ix":32,"mn":"ADBE Vector Group","hd":false},{"ty":"gr","it":[{"ind":0,"ty":"sh","ix":1,"ks":{"a":0,"k":{"i":[[0,0],[-6.861,-1.02],[-0.568,0.742],[-1.322,1.727],[-0.325,0.175],[-2.39,1.285],[-0.733,-0.142],[-2.541,-0.492],[-0.088,-0.263],[0.185,-0.207],[0.195,-0.217],[1.044,0.123],[0.965,0.114],[0.117,-0.072],[0,0],[-1.676,-0.033],[-0.288,-0.127],[-2.15,-0.948],[-0.053,-0.24],[0.162,-0.185],[0.159,-0.181],[0.703,0.274],[0,0],[-1.115,-0.496],[-0.043,-0.254],[0.187,-0.178],[0.152,-0.144],[0.97,0.227],[0,0],[-1.21,-0.535],[-0.043,-0.332],[0.262,-0.209],[0.075,-0.06],[0.852,0.157],[0,0],[0,0],[1.796,-2.965],[2.514,-0.073],[0,0]],"o":[[0,0],[0.924,0.138],[2.039,-2.663],[0.224,-0.293],[1.745,-0.938],[0.657,-0.353],[2.377,0.46],[0.273,0.053],[0.089,0.263],[-0.187,0.21],[-0.701,0.784],[-2.334,-0.276],[-0.135,-0.016],[-0.879,0.538],[0,0],[0.315,0.006],[1.528,0.673],[0.225,0.099],[0.053,0.24],[-0.154,0.175],[-0.497,0.567],[-0.855,-0.334],[0,0],[0.236,0.105],[0.044,0.254],[-0.146,0.137],[-0.723,0.685],[-2.243,-0.522],[0,0],[0.306,0.135],[0.043,0.332],[-0.077,0.06],[-0.678,0.538],[-1.756,-0.324],[0,0],[0,0],[-1.303,2.151],[-11.523,0.336],[0,0]],"v":[[-33.31,-1.862],[1.649,3.339],[4.066,2.36],[12.25,-8.33],[13.083,-9.04],[23.123,-14.439],[25.272,-14.766],[35.687,-12.749],[36.271,-12.238],[36.115,-11.478],[35.533,-10.828],[32.75,-9.775],[25.382,-10.646],[24.993,-10.56],[20.314,-7.691],[27.509,-7.549],[28.422,-7.347],[37.226,-3.466],[37.669,-2.927],[37.496,-2.251],[37.019,-1.707],[35.02,-1.219],[33.154,-1.948],[35.869,-0.74],[36.316,-0.165],[36.087,0.526],[35.636,0.953],[32.923,1.688],[26.803,0.263],[29.543,1.473],[30.105,2.225],[29.752,3.096],[29.524,3.277],[27.117,3.878],[22.501,3.028],[16.266,3.298],[12.168,10.065],[6.045,13.633],[-37.722,14.908]],"c":true},"ix":2},"nm":"Path 1","mn":"ADBE Vector Shape - Group","hd":false},{"ty":"st","c":{"a":0,"k":[0.256000025132,0.256000025132,0.256000025132,1],"ix":3},"o":{"a":0,"k":100,"ix":4},"w":{"a":0,"k":0.984,"ix":5},"lc":2,"lj":2,"bm":0,"nm":"Stroke 1","mn":"ADBE Vector Graphic - Stroke","hd":false},{"ty":"fl","c":{"a":0,"k":[1,0.788999968884,0.681999954523,1],"ix":4},"o":{"a":0,"k":100,"ix":5},"r":1,"bm":0,"nm":"Fill 1","mn":"ADBE Vector Graphic - Fill","hd":false},{"ty":"tr","p":{"a":0,"k":[142.865,141.324],"ix":2},"a":{"a":0,"k":[0,0],"ix":1},"s":{"a":0,"k":[100,100],"ix":3},"r":{"a":0,"k":0,"ix":6},"o":{"a":0,"k":100,"ix":7},"sk":{"a":0,"k":0,"ix":4},"sa":{"a":0,"k":0,"ix":5},"nm":"Transform"}],"nm":"Group 33","np":3,"cix":2,"bm":0,"ix":33,"mn":"ADBE Vector Group","hd":false},{"ty":"gr","it":[{"ind":0,"ty":"sh","ix":1,"ks":{"a":0,"k":{"i":[[0,0],[0.853,-11.989],[2.276,-1.861],[2.916,0.373],[0,0],[0,0],[0,0],[0,0],[0.52,0.648],[-0.585,0.911],[0,0],[0,2.945],[-0.602,1.267],[0,0]],"o":[[2.066,21.409],[-0.215,2.932],[-2.277,1.861],[-4.299,-0.549],[0,0],[0,0],[0,0],[0,0],[-0.679,-0.844],[0.571,-0.888],[0,0],[0,-1.402],[0.995,-2.094],[0,0]],"v":[[16.123,-30.54],[16.564,23.032],[12.662,30.541],[4.527,32.872],[-3.691,31.823],[-18.189,11.627],[-7.051,10.676],[-7.051,-10.094],[-8.075,-11.369],[-8.231,-14.307],[-7.051,-16.142],[-7.051,-24.043],[-6.137,-28.097],[-3.691,-33.245]],"c":false},"ix":2},"nm":"Path 1","mn":"ADBE Vector Shape - Group","hd":false},{"ty":"st","c":{"a":0,"k":[0.256000025132,0.256000025132,0.256000025132,1],"ix":3},"o":{"a":0,"k":100,"ix":4},"w":{"a":0,"k":0.984,"ix":5},"lc":2,"lj":2,"bm":0,"nm":"Stroke 1","mn":"ADBE Vector Graphic - Stroke","hd":false},{"ty":"fl","c":{"a":0,"k":[0.725,0.626999978458,0.795999983245,1],"ix":4},"o":{"a":0,"k":100,"ix":5},"r":1,"bm":0,"nm":"Fill 1","mn":"ADBE Vector Graphic - Fill","hd":false},{"ty":"tr","p":{"a":0,"k":[172.577,133.854],"ix":2},"a":{"a":0,"k":[0,0],"ix":1},"s":{"a":0,"k":[100,100],"ix":3},"r":{"a":0,"k":0,"ix":6},"o":{"a":0,"k":100,"ix":7},"sk":{"a":0,"k":0,"ix":4},"sa":{"a":0,"k":0,"ix":5},"nm":"Transform"}],"nm":"Group 34","np":3,"cix":2,"bm":0,"ix":34,"mn":"ADBE Vector Group","hd":false},{"ty":"gr","it":[{"ind":0,"ty":"sh","ix":1,"ks":{"a":0,"k":{"i":[[0.115,11.107],[7.852,2.503],[3.229,1.029],[0.073,1.203],[0.032,0.529],[1.551,-0.01],[5.903,-0.038],[0.859,-0.959],[-0.132,-1.281],[0,0],[0.336,-0.09],[5.95,-1.601],[0.98,-4.336],[0,0],[0,0],[0,0],[0,0],[0,0],[0,0],[0,0]],"o":[[-0.085,-8.241],[-6.255,-1.993],[-1.148,-0.366],[-0.031,-0.499],[-0.095,-1.548],[-4.689,0.03],[-1.287,0.008],[-0.859,0.958],[0,0],[0.036,0.346],[-2.192,0.59],[-4.293,1.154],[-1.173,5.189],[0,0],[0,0],[0,0],[0,0],[0,0],[0,0],[0,0]],"v":[[43.397,-30.279],[30.099,-48.28],[13.81,-53.471],[11.783,-56.075],[11.687,-57.647],[8.754,-60.389],[-11.416,-60.26],[-14.786,-58.742],[-15.927,-55.226],[-15.927,-55.226],[-16.448,-54.469],[-32.517,-50.146],[-41.09,-41.219],[-43.653,-29.876],[-40.708,-8.565],[-36.161,27.651],[-36.137,60.399],[27.79,60.399],[27.25,21.363],[43.654,-5.407]],"c":true},"ix":2},"nm":"Path 1","mn":"ADBE Vector Shape - Group","hd":false},{"ty":"st","c":{"a":0,"k":[0.256000025132,0.256000025132,0.256000025132,1],"ix":3},"o":{"a":0,"k":100,"ix":4},"w":{"a":0,"k":0.99,"ix":5},"lc":2,"lj":2,"bm":0,"nm":"Stroke 1","mn":"ADBE Vector Graphic - Stroke","hd":false},{"ty":"tr","p":{"a":0,"k":[145.287,131.084],"ix":2},"a":{"a":0,"k":[0,0],"ix":1},"s":{"a":0,"k":[100,100],"ix":3},"r":{"a":0,"k":0,"ix":6},"o":{"a":0,"k":100,"ix":7},"sk":{"a":0,"k":0,"ix":4},"sa":{"a":0,"k":0,"ix":5},"nm":"Transform"}],"nm":"Group 35","np":2,"cix":2,"bm":0,"ix":35,"mn":"ADBE Vector Group","hd":false},{"ty":"gr","it":[{"ind":0,"ty":"sh","ix":1,"ks":{"a":0,"k":{"i":[[0,0],[-1.22,-0.493],[-4.036,-1.632],[-1.693,-3.39],[0,0],[7.852,2.503]],"o":[[0.451,1.224],[4.083,1.652],[3.513,1.421],[0,0],[-0.336,-5.261],[0,0]],"v":[[-13.984,-10.094],[-11.365,-7.393],[2.236,-1.891],[10.316,5.575],[13.983,10.094],[1.165,-5.266]],"c":true},"ix":2},"nm":"Path 1","mn":"ADBE Vector Shape - Group","hd":false},{"ty":"fl","c":{"a":0,"k":[1,1,1,1],"ix":4},"o":{"a":0,"k":100,"ix":5},"r":1,"bm":0,"nm":"Fill 1","mn":"ADBE Vector Graphic - Fill","hd":false},{"ty":"tr","p":{"a":0,"k":[174.22,88.07],"ix":2},"a":{"a":0,"k":[0,0],"ix":1},"s":{"a":0,"k":[100,100],"ix":3},"r":{"a":0,"k":0,"ix":6},"o":{"a":0,"k":100,"ix":7},"sk":{"a":0,"k":0,"ix":4},"sa":{"a":0,"k":0,"ix":5},"nm":"Transform"}],"nm":"Group 36","np":2,"cix":2,"bm":0,"ix":36,"mn":"ADBE Vector Group","hd":false},{"ty":"gr","it":[{"ind":0,"ty":"sh","ix":1,"ks":{"a":0,"k":{"i":[[0.115,11.041],[7.788,2.542],[3.242,1.059],[0.073,1.196],[0.032,0.534],[1.551,-0.01],[5.903,-0.038],[0.859,-0.959],[-0.132,-1.281],[0,0],[0.336,-0.09],[5.95,-1.601],[0.98,-4.336],[0,0],[0,0],[0,0],[0,0],[0,0],[0,0],[0,0]],"o":[[-0.085,-8.191],[-6.302,-2.057],[-1.139,-0.371],[-0.031,-0.503],[-0.095,-1.548],[-4.689,0.03],[-1.287,0.008],[-0.859,0.958],[0,0],[0.036,0.346],[-2.192,0.59],[-4.293,1.154],[-1.173,5.189],[0,0],[0,0],[0,0],[0,0],[0,0],[0,0],[0,0]],"v":[[43.397,-30.141],[30.225,-48.099],[13.792,-53.463],[11.784,-56.06],[11.687,-57.647],[8.754,-60.389],[-11.416,-60.26],[-14.786,-58.742],[-15.927,-55.226],[-15.927,-55.226],[-16.448,-54.469],[-32.517,-50.146],[-41.09,-41.219],[-43.653,-29.876],[-40.708,-8.565],[-36.161,27.651],[-36.137,60.399],[27.79,60.399],[27.25,21.363],[43.654,-5.407]],"c":true},"ix":2},"nm":"Path 1","mn":"ADBE Vector Shape - Group","hd":false},{"ty":"st","c":{"a":0,"k":[0.256000025132,0.256000025132,0.256000025132,1],"ix":3},"o":{"a":0,"k":100,"ix":4},"w":{"a":0,"k":0.984,"ix":5},"lc":2,"lj":2,"bm":0,"nm":"Stroke 1","mn":"ADBE Vector Graphic - Stroke","hd":false},{"ty":"fl","c":{"a":0,"k":[0.725,0.626999978458,0.795999983245,1],"ix":4},"o":{"a":0,"k":100,"ix":5},"r":1,"bm":0,"nm":"Fill 1","mn":"ADBE Vector Graphic - Fill","hd":false},{"ty":"tr","p":{"a":0,"k":[145.287,131.084],"ix":2},"a":{"a":0,"k":[0,0],"ix":1},"s":{"a":0,"k":[100,100],"ix":3},"r":{"a":0,"k":0,"ix":6},"o":{"a":0,"k":100,"ix":7},"sk":{"a":0,"k":0,"ix":4},"sa":{"a":0,"k":0,"ix":5},"nm":"Transform"}],"nm":"Group 37","np":3,"cix":2,"bm":0,"ix":37,"mn":"ADBE Vector Group","hd":false},{"ty":"gr","it":[{"ind":0,"ty":"sh","ix":1,"ks":{"a":0,"k":{"i":[[0,0],[0,0],[-2.486,8.684],[2.213,8.049],[0.378,1.374],[0.12,0.796],[0.593,3.953],[7.791,3.578],[0,0],[6.706,-3.074],[0.445,-0.204],[2.015,-6.115],[0,0],[-0.163,-1.689],[-0.251,-2.592],[0.039,-0.72],[0.133,-2.447],[-0.411,-1.629],[-0.388,-1.537],[1.272,-2.534],[0.143,-0.285],[-0.245,-1.971]],"o":[[0,0],[0,0],[2.297,-8.026],[-0.735,-2.674],[-0.213,-0.777],[-0.277,-1.848],[-1.271,-8.479],[0,0],[-6.704,-3.079],[-0.449,0.206],[-5.853,2.683],[0,0],[-0.531,1.612],[0.356,3.686],[0.069,0.717],[-0.097,1.778],[-0.092,1.678],[0.336,1.331],[0.694,2.75],[-0.148,0.295],[-0.891,1.775],[0.449,3.605]],"v":[[-26.514,36.799],[20.269,42.087],[25.648,23.294],[25.776,-1.284],[23.993,-7.768],[23.493,-10.13],[22.061,-19.682],[7.537,-39.005],[7.537,-39.005],[-13.586,-39.012],[-14.929,-38.396],[-27.268,-24.599],[-27.268,-24.599],[-27.826,-19.592],[-26.577,-6.673],[-26.532,-4.515],[-26.958,3.3],[-26.476,8.289],[-25.328,12.84],[-26.225,21.033],[-26.663,21.906],[-27.653,27.651]],"c":true},"ix":2},"nm":"Path 1","mn":"ADBE Vector Shape - Group","hd":false},{"ty":"st","c":{"a":0,"k":[0.256000025132,0.256000025132,0.256000025132,1],"ix":3},"o":{"a":0,"k":100,"ix":4},"w":{"a":0,"k":0.99,"ix":5},"lc":2,"lj":2,"bm":0,"nm":"Stroke 1","mn":"ADBE Vector Graphic - Stroke","hd":false},{"ty":"tr","p":{"a":0,"k":[145.064,52.179],"ix":2},"a":{"a":0,"k":[0,0],"ix":1},"s":{"a":0,"k":[100,100],"ix":3},"r":{"a":0,"k":0,"ix":6},"o":{"a":0,"k":100,"ix":7},"sk":{"a":0,"k":0,"ix":4},"sa":{"a":0,"k":0,"ix":5},"nm":"Transform"}],"nm":"Group 38","np":2,"cix":2,"bm":0,"ix":38,"mn":"ADBE Vector Group","hd":false},{"ty":"gr","it":[{"ind":0,"ty":"sh","ix":1,"ks":{"a":0,"k":{"i":[[-1.606,-4.731],[0,0],[7.791,3.578],[0,0],[6.682,-3.026],[-0.916,0.091],[-1.403,0.187],[-0.724,0.049],[-0.815,-0.001],[-1.85,-0.231],[-0.782,-0.076],[-0.611,-0.103],[-4.128,-5.97]],"o":[[0,0],[-1.271,-8.479],[0,0],[-6.669,-3.063],[1.526,-0.048],[3.183,-0.316],[0.503,-0.067],[0.601,-0.041],[0.824,0],[0.66,0.082],[0.653,0.064],[5.981,1.006],[1.473,2.13]],"v":[[17.967,12.505],[17.576,9.9],[3.052,-9.423],[3.052,-9.423],[-17.967,-9.479],[-14.891,-9.036],[-10.964,-8.277],[-10.591,-9.729],[-7.294,-8.296],[-6.106,-9.714],[-2.505,-8.031],[-2.045,-9.289],[13.127,1.15]],"c":true},"ix":2},"nm":"Path 1","mn":"ADBE Vector Shape - Group","hd":false},{"ty":"fl","c":{"a":0,"k":[1,1,1,1],"ix":4},"o":{"a":0,"k":100,"ix":5},"r":1,"bm":0,"nm":"Fill 1","mn":"ADBE Vector Graphic - Fill","hd":false},{"ty":"tr","p":{"a":0,"k":[149.549,22.598],"ix":2},"a":{"a":0,"k":[0,0],"ix":1},"s":{"a":0,"k":[100,100],"ix":3},"r":{"a":0,"k":0,"ix":6},"o":{"a":0,"k":100,"ix":7},"sk":{"a":0,"k":0,"ix":4},"sa":{"a":0,"k":0,"ix":5},"nm":"Transform"}],"nm":"Group 39","np":2,"cix":2,"bm":0,"ix":39,"mn":"ADBE Vector Group","hd":false},{"ty":"gr","it":[{"ind":0,"ty":"sh","ix":1,"ks":{"a":0,"k":{"i":[[0,0],[0,0],[-2.486,8.684],[2.213,8.049],[0.378,1.374],[0.12,0.796],[0.593,3.953],[7.791,3.578],[0,0],[6.706,-3.074],[0.445,-0.204],[2.015,-6.115],[0,0],[-0.163,-1.689],[-0.251,-2.592],[0.039,-0.72],[0.133,-2.447],[-0.411,-1.629],[-0.388,-1.537],[1.272,-2.534],[0.143,-0.285],[-0.245,-1.971]],"o":[[0,0],[0,0],[2.297,-8.026],[-0.735,-2.674],[-0.213,-0.777],[-0.277,-1.848],[-1.271,-8.479],[0,0],[-6.704,-3.079],[-0.449,0.206],[-5.853,2.683],[0,0],[-0.531,1.612],[0.356,3.686],[0.069,0.717],[-0.097,1.778],[-0.092,1.678],[0.336,1.331],[0.694,2.75],[-0.148,0.295],[-0.891,1.775],[0.449,3.605]],"v":[[-26.514,36.799],[20.269,42.087],[25.648,23.294],[25.776,-1.284],[23.993,-7.768],[23.493,-10.13],[22.061,-19.682],[7.537,-39.005],[7.537,-39.005],[-13.586,-39.012],[-14.929,-38.396],[-27.268,-24.599],[-27.268,-24.599],[-27.826,-19.592],[-26.577,-6.673],[-26.532,-4.515],[-26.958,3.3],[-26.476,8.289],[-25.328,12.84],[-26.225,21.033],[-26.663,21.906],[-27.653,27.651]],"c":true},"ix":2},"nm":"Path 1","mn":"ADBE Vector Shape - Group","hd":false},{"ty":"st","c":{"a":0,"k":[0.256000025132,0.256000025132,0.256000025132,1],"ix":3},"o":{"a":0,"k":100,"ix":4},"w":{"a":0,"k":0.984,"ix":5},"lc":2,"lj":2,"bm":0,"nm":"Stroke 1","mn":"ADBE Vector Graphic - Stroke","hd":false},{"ty":"fl","c":{"a":0,"k":[0.270999983245,0.270999983245,0.263000009574,1],"ix":4},"o":{"a":0,"k":100,"ix":5},"r":1,"bm":0,"nm":"Fill 1","mn":"ADBE Vector Graphic - Fill","hd":false},{"ty":"tr","p":{"a":0,"k":[145.064,52.179],"ix":2},"a":{"a":0,"k":[0,0],"ix":1},"s":{"a":0,"k":[100,100],"ix":3},"r":{"a":0,"k":0,"ix":6},"o":{"a":0,"k":100,"ix":7},"sk":{"a":0,"k":0,"ix":4},"sa":{"a":0,"k":0,"ix":5},"nm":"Transform"}],"nm":"Group 40","np":3,"cix":2,"bm":0,"ix":40,"mn":"ADBE Vector Group","hd":false},{"ty":"gr","it":[{"ind":0,"ty":"sh","ix":1,"ks":{"a":0,"k":{"i":[[0,0],[-0.606,-0.498],[-8.199,4.986],[0,0]],"o":[[0,0],[7.415,6.091],[0,0],[0,0]],"v":[[-10.205,-5.4],[-9.236,-4.604],[16.833,-2.76],[16.833,-2.76]],"c":false},"ix":2},"nm":"Path 1","mn":"ADBE Vector Shape - Group","hd":false},{"ind":1,"ty":"sh","ix":2,"ks":{"a":0,"k":{"i":[[0,0],[-10.621,-4.495]],"o":[[0,0],[0,0]],"v":[[-16.833,-7.001],[-3.555,7.001]],"c":false},"ix":2},"nm":"Path 2","mn":"ADBE Vector Shape - Group","hd":false},{"ty":"mm","mm":1,"nm":"Merge Paths 1","mn":"ADBE Vector Filter - Merge","hd":false},{"ty":"st","c":{"a":0,"k":[0.256000025132,0.256000025132,0.256000025132,1],"ix":3},"o":{"a":0,"k":100,"ix":4},"w":{"a":0,"k":1,"ix":5},"lc":2,"lj":2,"bm":0,"nm":"Stroke 1","mn":"ADBE Vector Graphic - Stroke","hd":false},{"ty":"tr","p":{"a":0,"k":[65.177,81.032],"ix":2},"a":{"a":0,"k":[0,0],"ix":1},"s":{"a":0,"k":[100,100],"ix":3},"r":{"a":0,"k":0,"ix":6},"o":{"a":0,"k":100,"ix":7},"sk":{"a":0,"k":0,"ix":4},"sa":{"a":0,"k":0,"ix":5},"nm":"Transform"}],"nm":"Group 41","np":4,"cix":2,"bm":0,"ix":41,"mn":"ADBE Vector Group","hd":false},{"ty":"gr","it":[{"ind":0,"ty":"sh","ix":1,"ks":{"a":0,"k":{"i":[[0,0],[-0.968,-13.707]],"o":[[0,0],[0,0]],"v":[[5.691,-29.074],[-4.723,-10.395]],"c":false},"ix":2},"nm":"Path 1","mn":"ADBE Vector Shape - Group","hd":false},{"ind":1,"ty":"sh","ix":2,"ks":{"a":0,"k":{"i":[[0,0],[0.55,1.95],[0.307,0.572],[0.24,0.446],[-0.501,1.803],[0,0],[0.45,1.289],[0,0]],"o":[[0,0],[-0.177,-0.625],[-0.192,-0.356],[-0.887,-1.648],[0,0],[0.366,-1.315],[-0.626,-1.793],[0,0]],"v":[[2.962,29.074],[1.196,22.819],[0.467,21.02],[-0.199,19.783],[-0.799,14.405],[-0.799,14.405],[-0.928,10.406],[-2.38,6.249]],"c":false},"ix":2},"nm":"Path 2","mn":"ADBE Vector Shape - Group","hd":false},{"ty":"mm","mm":1,"nm":"Merge Paths 1","mn":"ADBE Vector Filter - Merge","hd":false},{"ty":"st","c":{"a":0,"k":[0.256000025132,0.256000025132,0.256000025132,1],"ix":3},"o":{"a":0,"k":100,"ix":4},"w":{"a":0,"k":0.99,"ix":5},"lc":2,"lj":2,"bm":0,"nm":"Stroke 1","mn":"ADBE Vector Graphic - Stroke","hd":false},{"ty":"tr","p":{"a":0,"k":[110.275,113.516],"ix":2},"a":{"a":0,"k":[0,0],"ix":1},"s":{"a":0,"k":[100,100],"ix":3},"r":{"a":0,"k":0,"ix":6},"o":{"a":0,"k":100,"ix":7},"sk":{"a":0,"k":0,"ix":4},"sa":{"a":0,"k":0,"ix":5},"nm":"Transform"}],"nm":"Group 42","np":4,"cix":2,"bm":0,"ix":42,"mn":"ADBE Vector Group","hd":false},{"ty":"gr","it":[{"ind":0,"ty":"sh","ix":1,"ks":{"a":0,"k":{"i":[[0,0],[3.706,-3.383],[3.576,-7.199],[-0.796,-3.389],[-7.643,0.576],[-3.998,8.919],[-3.229,4.509]],"o":[[0,0],[-6.485,5.918],[-2.097,4.221],[0.797,3.39],[7.644,-0.577],[3.998,-8.919],[0,0]],"v":[[6.364,-40.806],[0.571,-37.081],[-14.333,15.106],[-17.248,27.613],[-3.26,40.23],[11.324,29.92],[18.044,0.966]],"c":false},"ix":2},"nm":"Path 1","mn":"ADBE Vector Shape - Group","hd":false},{"ty":"st","c":{"a":0,"k":[0.256000025132,0.256000025132,0.256000025132,1],"ix":3},"o":{"a":0,"k":100,"ix":4},"w":{"a":0,"k":1.008,"ix":5},"lc":2,"lj":2,"bm":0,"nm":"Stroke 1","mn":"ADBE Vector Graphic - Stroke","hd":false},{"ty":"fl","c":{"a":0,"k":[0.442999985639,0.654999976065,0.736999990426,1],"ix":4},"o":{"a":0,"k":100,"ix":5},"r":1,"bm":0,"nm":"Fill 1","mn":"ADBE Vector Graphic - Fill","hd":false},{"ty":"tr","p":{"a":0,"k":[17.977,121.757],"ix":2},"a":{"a":0,"k":[0,0],"ix":1},"s":{"a":0,"k":[100,100],"ix":3},"r":{"a":0,"k":0,"ix":6},"o":{"a":0,"k":100,"ix":7},"sk":{"a":0,"k":0,"ix":4},"sa":{"a":0,"k":0,"ix":5},"nm":"Transform"}],"nm":"Group 43","np":3,"cix":2,"bm":0,"ix":43,"mn":"ADBE Vector Group","hd":false},{"ty":"gr","it":[{"ind":0,"ty":"sh","ix":1,"ks":{"a":0,"k":{"i":[[3.201,0.503],[-0.731,0.306],[-2.324,0.973],[-0.238,0.294],[-0.06,0.073],[-0.559,0.087],[-0.233,0.036],[-0.328,0.293],[-0.998,0.891],[-0.459,-0.044],[0,0],[-0.652,-0.423],[-2.428,-0.954],[-6.582,-2.586],[-0.552,-0.283],[0,0],[0.911,0.323],[4.239,1.502],[1.247,1.249],[0.088,0.088],[2.946,0.138],[0,0],[2.788,-1.428],[-0.408,-1.763],[0.288,-0.112],[0.156,0.266],[0.29,0.496],[0.383,-0.003],[0.189,-0.332],[0,0],[6.459,-2.748]],"o":[[0.637,-0.446],[8.023,-3.358],[0.348,-0.146],[0.056,-0.07],[0.356,-0.441],[0.247,-0.039],[0.434,-0.068],[0.968,-0.864],[0.344,-0.307],[4.371,0.419],[0,0],[2.188,1.421],[5.354,2.104],[0.581,0.229],[0,0],[-0.963,-0.092],[-3.296,-1.168],[-1.663,-0.589],[-0.086,-0.086],[-2.085,-2.087],[-7.308,-0.342],[0,0],[-0.777,0.398],[0.065,0.302],[-0.288,0.113],[-0.354,-0.604],[-0.193,-0.33],[-0.383,0.002],[-0.367,0.645],[0,0],[-3.093,1.317]],"v":[[-45.301,7.711],[-43.245,6.578],[-23.381,-1.737],[-22.488,-2.407],[-22.313,-2.624],[-20.891,-3.444],[-20.145,-3.56],[-18.978,-4.112],[-14.893,-7.758],[-13.633,-8.17],[13.527,-5.563],[14.667,-4.823],[21.61,-1.251],[43.601,7.389],[45.301,8.156],[39.09,7.559],[36.27,6.934],[20.331,1.288],[15.91,-1.503],[15.648,-1.764],[7.828,-5.222],[-12.962,-6.196],[-16.983,-3.102],[-17.245,0.651],[-17.632,1.37],[-18.402,1.103],[-19.383,-0.573],[-20.314,-1.103],[-21.239,-0.562],[-21.945,0.676],[-35.67,6.517]],"c":true},"ix":2},"nm":"Path 1","mn":"ADBE Vector Shape - Group","hd":false},{"ty":"fl","c":{"a":0,"k":[1,1,1,1],"ix":4},"o":{"a":0,"k":100,"ix":5},"r":1,"bm":0,"nm":"Fill 1","mn":"ADBE Vector Graphic - Fill","hd":false},{"ty":"tr","p":{"a":0,"k":[69.009,73.802],"ix":2},"a":{"a":0,"k":[0,0],"ix":1},"s":{"a":0,"k":[100,100],"ix":3},"r":{"a":0,"k":0,"ix":6},"o":{"a":0,"k":100,"ix":7},"sk":{"a":0,"k":0,"ix":4},"sa":{"a":0,"k":0,"ix":5},"nm":"Transform"}],"nm":"Group 44","np":2,"cix":2,"bm":0,"ix":44,"mn":"ADBE Vector Group","hd":false},{"ty":"gr","it":[{"ind":0,"ty":"sh","ix":1,"ks":{"a":0,"k":{"i":[[0,0],[0.101,6.102],[0.283,0.803],[0.319,0.902],[-0.038,0.996],[-0.074,1.922],[0.123,0.479],[0.303,1.17],[0.032,0.259],[0.326,2.622],[0.871,1.386],[3.706,5.895],[-0.973,3.075],[-2.975,1.245],[-2.324,0.973],[-0.237,0.294],[-0.059,0.073],[-0.559,0.087],[-0.233,0.036],[-0.328,0.293],[-0.997,0.891],[-0.459,-0.044],[0,0],[-0.652,-0.423],[-2.428,-0.954],[-6.537,-2.569],[-2.391,-4.812],[-0.293,-0.589],[-1.43,-4.895],[-3.686,-12.614],[1.699,-2.972],[3.32,-0.84],[0,0],[0,0]],"o":[[0,0],[-0.014,-0.851],[-0.303,-0.858],[-0.331,-0.94],[0.099,-2.575],[0.019,-0.494],[-0.399,-1.542],[-0.065,-0.253],[-0.154,-1.24],[-0.202,-1.625],[-2.097,-3.336],[-1.716,-2.731],[0.974,-3.074],[8.024,-3.359],[0.349,-0.146],[0.056,-0.07],[0.356,-0.441],[0.248,-0.039],[0.434,-0.068],[0.968,-0.864],[0.345,-0.307],[4.371,0.419],[0,0],[2.189,1.421],[4.983,1.958],[5.002,1.965],[0.295,0.594],[2.269,4.567],[3.026,10.355],[0.96,3.287],[-1.699,2.973],[-6.587,1.668],[0,0],[0,0]],"v":[[-43.113,58.66],[-43.64,26.795],[-44.089,24.298],[-45.118,21.382],[-45.562,18.453],[-45.192,8.799],[-45.35,7.332],[-46.975,1.049],[-47.121,0.281],[-48.091,-7.518],[-49.72,-12.089],[-59.751,-28.047],[-60.922,-37.2],[-54.697,-44.01],[-34.833,-52.326],[-33.94,-52.996],[-33.765,-53.213],[-32.343,-54.033],[-31.597,-54.149],[-30.43,-54.701],[-26.345,-58.347],[-25.085,-58.759],[2.075,-56.152],[3.215,-55.412],[10.158,-51.84],[30.733,-43.756],[42.22,-33.226],[43.106,-31.444],[48.666,-17.224],[60.935,24.76],[59.779,34.555],[51.925,40.522],[38.647,43.884],[38.428,58.803]],"c":true},"ix":2},"nm":"Path 1","mn":"ADBE Vector Shape - Group","hd":false},{"ty":"st","c":{"a":0,"k":[0.256000025132,0.256000025132,0.256000025132,1],"ix":3},"o":{"a":0,"k":100,"ix":4},"w":{"a":0,"k":0.99,"ix":5},"lc":2,"lj":2,"bm":0,"nm":"Stroke 1","mn":"ADBE Vector Graphic - Stroke","hd":false},{"ty":"fl","c":{"a":0,"k":[0.442999985639,0.654999976065,0.736999990426,1],"ix":4},"o":{"a":0,"k":100,"ix":5},"r":1,"bm":0,"nm":"Fill 1","mn":"ADBE Vector Graphic - Fill","hd":false},{"ty":"tr","p":{"a":0,"k":[80.537,123.911],"ix":2},"a":{"a":0,"k":[0,0],"ix":1},"s":{"a":0,"k":[100,100],"ix":3},"r":{"a":0,"k":0,"ix":6},"o":{"a":0,"k":100,"ix":7},"sk":{"a":0,"k":0,"ix":4},"sa":{"a":0,"k":0,"ix":5},"nm":"Transform"}],"nm":"Group 45","np":3,"cix":2,"bm":0,"ix":45,"mn":"ADBE Vector Group","hd":false}],"ip":0,"op":24,"st":0,"bm":0}],"markers":[]}